Workbook

Sheet Summary
B2: Results analysis summary: Monthly overview | E2: Report generated: 10/08/2026 12:28
B6: Hello,
B7: ="Below is a summary of the 3 months of readings for Jensen Beach AHU 1 ("&TEXT('Monthly metrics'!$D$11,"#,##0")&" readings, 12/01/2025 – 02/25/2026), and our recommendations." -> Below is a summary of the 3 months of readings for Jensen Beach AHU 1 (8,111 readings, 12/01/2025 – 02/25/2026), and our recommendations.
B8: Use the tabs at the bottom to find more detail about each month, including event-level actions.
B9: Read the Guide | C9: See the charts (go to 'Dashboard')
B11: December 2025 / Sensor: Jensen Beach AHU 1 (°F) | D11: ="Rank by mean materiality: "&'Monthly metrics'!$AB$8&" out of 3 months · extremes "&TEXT('Monthly metrics'!$J$8,"0%")&" of readings" -> Rank by mean materiality: 3 out of 3 months · extremes 12% of readings | E11: Status: | F11: 4 recommendations
B13: Improve | C13: Recommendations | D13: Why have we recommended this? | F13: Learn more
B14: Operating level | C14: ● Review what changed when the level shifted | D14: ="Confirmed shift share: "&TEXT('Monthly metrics'!$P$8,"0%")&" of readings ("&TEXT('Monthly metrics'!$N$8*'Monthly metrics'!$D$5/60,"0")&" h). The value stayed away from its baseline for 7+ readings with mean |Z| ≥ 1.2 - check setpoint or schedule changes, sensor drift or an equipment fault." -> Confirmed shift share: 19% of readings (143 h). The value stayed away from its baseline for 7+ readings with mean |Z| ≥ 1.2 - check setpoint or schedule changes, sensor drift or an equipment fault. | F14: Confirmed/Materialized Shift
B15: Daily cycle | C15: ● Check the day/night pattern before acting on single extremes | D15: ="Upper extremes happen mostly by day and lower extremes mostly at night ("&TEXT('Monthly metrics'!$K$8,"0")&" upper, "&TEXT('Monthly metrics'!$L$8,"0")&" lower). With a 20-reading (5 h) baseline, the normal daily swing itself is flagged. If the swing is intended (setback), consider Window = 96 (24 h)." -> Upper extremes happen mostly by day and lower extremes mostly at night (137 upper, 235 lower). With a 20-reading (5 h) baseline, the normal daily swing itself is flagged. If the swing is intended (setback), consider Window = 96 (24 h). | F15: Window (W)
B16: Stability | C16: ● Check for hunting or short-cycling | D16: ="Material changes: "&TEXT('Monthly metrics'!$S$8,"0.0")&" per day - fast changes that repeat within 10 readings. Check valve/damper control loops and compressor or fan staging." -> Material changes: 4.3 per day - fast changes that repeat within 10 readings. Check valve/damper control loops and compressor or fan staging. | F16: MaterialChangeFlag
B17: Data quality | C17: ● Fix the data gaps | D17: ="Missing data: "&TEXT('Monthly metrics'!$X$8,"0.0")&" h in gaps longer than three intervals. Events inside a gap cannot be detected." -> Missing data: 54.8 h in gaps longer than three intervals. Events inside a gap cannot be detected. | F17: Data gaps
C19: Show events and benchmarks for this month (go to 'Dec 2025')
B22: January 2026 / Sensor: Jensen Beach AHU 1 (°F) | D22: ="Rank by mean materiality: "&'Monthly metrics'!$AB$9&" out of 3 months · extremes "&TEXT('Monthly metrics'!$J$9,"0%")&" of readings" -> Rank by mean materiality: 2 out of 3 months · extremes 12% of readings | E22: Status: | F22: 4 recommendations
B24: Improve | C24: Recommendations | D24: Why have we recommended this? | F24: Learn more
B25: Operating level | C25: ● Review what changed when the level shifted | D25: ="Confirmed shift share: "&TEXT('Monthly metrics'!$P$9,"0%")&" of readings ("&TEXT('Monthly metrics'!$N$9*'Monthly metrics'!$D$5/60,"0")&" h). The value stayed away from its baseline for 7+ readings with mean |Z| ≥ 1.2 - check setpoint or schedule changes, sensor drift or an equipment fault." -> Confirmed shift share: 25% of readings (175 h). The value stayed away from its baseline for 7+ readings with mean |Z| ≥ 1.2 - check setpoint or schedule changes, sensor drift or an equipment fault. | F25: Confirmed/Materialized Shift
B26: Daily cycle | C26: ● Check the day/night pattern before acting on single extremes | D26: ="Upper extremes happen mostly by day and lower extremes mostly at night ("&TEXT('Monthly metrics'!$K$9,"0")&" upper, "&TEXT('Monthly metrics'!$L$9,"0")&" lower). With a 20-reading (5 h) baseline, the normal daily swing itself is flagged. If the swing is intended (setback), consider Window = 96 (24 h)." -> Upper extremes happen mostly by day and lower extremes mostly at night (171 upper, 171 lower). With a 20-reading (5 h) baseline, the normal daily swing itself is flagged. If the swing is intended (setback), consider Window = 96 (24 h). | F26: Window (W)
B27: Stability | C27: ● Check for hunting or short-cycling | D27: ="Material changes: "&TEXT('Monthly metrics'!$S$9,"0.0")&" per day - fast changes that repeat within 10 readings. Check valve/damper control loops and compressor or fan staging." -> Material changes: 4.1 per day - fast changes that repeat within 10 readings. Check valve/damper control loops and compressor or fan staging. | F27: MaterialChangeFlag
B28: Data quality | C28: ● Fix the data gaps | D28: ="Missing data: "&TEXT('Monthly metrics'!$X$9,"0.0")&" h in gaps longer than three intervals. Events inside a gap cannot be detected." -> Missing data: 60.7 h in gaps longer than three intervals. Events inside a gap cannot be detected. | F28: Data gaps
C30: Show events and benchmarks for this month (go to 'Jan 2026')
B33: February 2026 / Sensor: Jensen Beach AHU 1 (°F) | D33: ="Rank by mean materiality: "&'Monthly metrics'!$AB$10&" out of 3 months · extremes "&TEXT('Monthly metrics'!$J$10,"0%")&" of readings" -> Rank by mean materiality: 1 out of 3 months · extremes 13% of readings | E33: Status: | F33: 4 recommendations
B35: Improve | C35: Recommendations | D35: Why have we recommended this? | F35: Learn more
B36: Operating level | C36: ● Review what changed when the level shifted | D36: ="Confirmed shift share: "&TEXT('Monthly metrics'!$P$10,"0%")&" of readings ("&TEXT('Monthly metrics'!$N$10*'Monthly metrics'!$D$5/60,"0")&" h). The value stayed away from its baseline for 7+ readings with mean |Z| ≥ 1.2 - check setpoint or schedule changes, sensor drift or an equipment fault." -> Confirmed shift share: 33% of readings (190 h). The value stayed away from its baseline for 7+ readings with mean |Z| ≥ 1.2 - check setpoint or schedule changes, sensor drift or an equipment fault. | F36: Confirmed/Materialized Shift
B37: Daily cycle | C37: ● Check the day/night pattern before acting on single extremes | D37: ="Upper extremes happen mostly by day and lower extremes mostly at night ("&TEXT('Monthly metrics'!$K$10,"0")&" upper, "&TEXT('Monthly metrics'!$L$10,"0")&" lower). With a 20-reading (5 h) baseline, the normal daily swing itself is flagged. If the swing is intended (setback), consider Window = 96 (24 h)." -> Upper extremes happen mostly by day and lower extremes mostly at night (170 upper, 123 lower). With a 20-reading (5 h) baseline, the normal daily swing itself is flagged. If the swing is intended (setback), consider Window = 96 (24 h). | F37: Window (W)
B38: Stability | C38: ● Check for hunting or short-cycling | D38: ="Material changes: "&TEXT('Monthly metrics'!$S$10,"0.0")&" per day - fast changes that repeat within 10 readings. Check valve/damper control loops and compressor or fan staging." -> Material changes: 3.2 per day - fast changes that repeat within 10 readings. Check valve/damper control loops and compressor or fan staging. | F38: MaterialChangeFlag
B39: Data quality | C39: ● Fix the data gaps | D39: ="Missing data: "&TEXT('Monthly metrics'!$X$10,"0.0")&" h in gaps longer than three intervals. Events inside a gap cannot be detected." -> Missing data: 40.4 h in gaps longer than three intervals. Events inside a gap cannot be detected. | F39: Data gaps
C41: Show events and benchmarks for this month (go to 'Feb 2026')
B44: Data quality / Gaps in the readings | D44: =TEXT('Data gaps'!D11,"0")&" gaps, "&TEXT('Data gaps'!D12,"0.0")&" hours of missing data" -> 12 gaps, 155.9 hours of missing data | E44: Status: | F44: =IF('Data gaps'!D12>=6,"Gaps to review","OK") -> Gaps to review
B46: Show the gaps (go to 'Data gaps')

Sheet Dashboard
B2: Dashboard | S2: Report generated: 10/08/2026 12:28
B5: < Back to summary worksheet
B6: Charts for the whole period, drawn from the Data tab. The monthly figures behind them are in the table below (live formulas).
B8: Monthly figures
B9: Month | C9: Extreme share | D9: Confirmed share | E9: Sustained (h) | F9: Material changes/day | G9: Investigate | H9: Review | I9: Monitor | J9: Upper – Day | K9: Upper – Night | L9: Lower – Day | M9: Lower – Night
B10: ='Monthly metrics'!$B$8 -> Dec 2025 | C10: ='Monthly metrics'!$J$8 -> 0.12269129 | D10: ='Monthly metrics'!$P$8 -> 0.18799472 | E10: ='Monthly metrics'!$O$8 -> 235.78333 | F10: ='Monthly metrics'!$S$8 -> 4.2903226 | G10: =COUNTIFS(Events!$L:$L,'Monthly metrics'!$C$8,Events!$M:$M,"Investigate") -> 81 | H10: =COUNTIFS(Events!$L:$L,'Monthly metrics'!$C$8,Events!$M:$M,"Review") -> 19 | I10: =COUNTIFS(Events!$L:$L,'Monthly metrics'!$C$8,Events!$M:$M,"Monitor") -> 22 | J10: =COUNTIFS(D_Month,'Monthly metrics'!$C$8,D_Dir,"upper",D_DN,"Day") -> 94 | K10: =COUNTIFS(D_Month,'Monthly metrics'!$C$8,D_Dir,"upper",D_DN,"Night") -> 43 | L10: =COUNTIFS(D_Month,'Monthly metrics'!$C$8,D_Dir,"lower",D_DN,"Day") -> 113 | M10: =COUNTIFS(D_Month,'Monthly metrics'!$C$8,D_Dir,"lower",D_DN,"Night") -> 122
B11: ='Monthly metrics'!$B$9 -> Jan 2026 | C11: ='Monthly metrics'!$J$9 -> 0.12149201 | D11: ='Monthly metrics'!$P$9 -> 0.24795737 | E11: ='Monthly metrics'!$O$9 -> 251.335 | F11: ='Monthly metrics'!$S$9 -> 4.1 | G11: =COUNTIFS(Events!$L:$L,'Monthly metrics'!$C$9,Events!$M:$M,"Investigate") -> 59 | H11: =COUNTIFS(Events!$L:$L,'Monthly metrics'!$C$9,Events!$M:$M,"Review") -> 29 | I11: =COUNTIFS(Events!$L:$L,'Monthly metrics'!$C$9,Events!$M:$M,"Monitor") -> 14 | J11: =COUNTIFS(D_Month,'Monthly metrics'!$C$9,D_Dir,"upper",D_DN,"Day") -> 141 | K11: =COUNTIFS(D_Month,'Monthly metrics'!$C$9,D_Dir,"upper",D_DN,"Night") -> 30 | L11: =COUNTIFS(D_Month,'Monthly metrics'!$C$9,D_Dir,"lower",D_DN,"Day") -> 61 | M11: =COUNTIFS(D_Month,'Monthly metrics'!$C$9,D_Dir,"lower",D_DN,"Night") -> 110
B12: ='Monthly metrics'!$B$10 -> Feb 2026 | C12: ='Monthly metrics'!$J$10 -> 0.12941696 | D12: ='Monthly metrics'!$P$10 -> 0.33392226 | E12: ='Monthly metrics'!$O$10 -> 246.31833 | F12: ='Monthly metrics'!$S$10 -> 3.24 | G12: =COUNTIFS(Events!$L:$L,'Monthly metrics'!$C$10,Events!$M:$M,"Investigate") -> 49 | H12: =COUNTIFS(Events!$L:$L,'Monthly metrics'!$C$10,Events!$M:$M,"Review") -> 11 | I12: =COUNTIFS(Events!$L:$L,'Monthly metrics'!$C$10,Events!$M:$M,"Monitor") -> 5 | J12: =COUNTIFS(D_Month,'Monthly metrics'!$C$10,D_Dir,"upper",D_DN,"Day") -> 164 | K12: =COUNTIFS(D_Month,'Monthly metrics'!$C$10,D_Dir,"upper",D_DN,"Night") -> 6 | L12: =COUNTIFS(D_Month,'Monthly metrics'!$C$10,D_Dir,"lower",D_DN,"Day") -> 29 | M12: =COUNTIFS(D_Month,'Monthly metrics'!$C$10,D_Dir,"lower",D_DN,"Night") -> 94
B15: By month
B47: Events and extremes
B68: Time of day
B89: By day

Sheet Guide
B2: Guide
B6: This report summarises the Extreme & Change analysis of Jensen Beach AHU 1 and gives recommendations and benchmarks for each month.
B7: It shows when the readings left their normal range, how long deviations lasted, how often the value changed abnormally fast, and how much data is missing.
B9: How to use this report
B10: Use the tabs at the bottom of the screen to move through the workbook.
B12: Tab (at the bottom of the screen) | D12: What is on the tab?
B13: Summary | D13: Overview of each month with recommendations, and links to the month tabs.
B15: Month tabs | D15: ● Analysis funnel: extreme share, sustained deviation hours and material changes per day, with the month's rank.
D16: ● Recommendations with this month vs the best and worst month.
D17: ● More benchmarks, including the same figures for day and night.
D18: ● Every event in the month, sorted by materiality; click the Action to jump to the readings.
B20: Data gaps | D20: Every break in the data longer than three reading intervals, with the hours missing.
B22: Events | D22: All events in the whole period in one filterable list.
B24: Daily overview | D24: One row per day: readings, value range, extremes, persistent and confirmed periods, changes, peak materiality.
B26: Monthly metrics | D26: The calculation table behind the Summary and month tabs (all formulas). The reading interval can be changed here.
B28: Column descriptor | D28: What every column of the results file means, which parameters drive it, and the settings used for this run.
B30: Data | D30: The results file Jensen_Beach_Results_Analysis.csv as exported by the app, plus three helper columns. Rows are in time order (UTC), so the local time repeats once when daylight saving ends.
B32: How are the results calculated?
B33: Each reading is compared with a rolling baseline of the previous 20 readings (about 5 hours). |Z| ≥ 2 flags an Extreme reading.
B34: An event continues while |Z| ≥ 1; after 3 readings it is Persistent, after 7 readings with mean |Z| ≥ 1.2 it is a Confirmed/Materialized Shift.
B35: The rate of change has its own baseline; |Z_ROC| ≥ 2 is an Abnormal Change, and 2 or more within 10 readings make a Material Change.
B36: The Materiality score (0–1) combines size (|Z|), duration and recurrence. Rank 1 = the month with the most issues.
B37: Recommendations are rules applied to these figures; they point to what to check, they are not a diagnosis of the equipment.
B39: Learn more: info_main\Statistical_calc_parameters\Statistical calc parameters manual.docx

Sheet Data gaps
B2: Data gaps | J2: Report generated: 10/08/2026 12:28
B6: The analysis expects one reading about every 15 minutes.
B7: A gap is any break of more than three reading intervals. No readings, and so no extremes or events, exist inside a gap.
B8: This tab lists every gap and the time it covers, so missing data is not mistaken for normal operation.
B10: Summary of gaps
B11: Number of gaps | D11: =COUNT(D15:D26) -> 12
B12: Missing time (hours) | D12: =SUM(D15:D26) -> 155.89056
B14: From (last reading) | C14: To (next reading) | D14: Hours missing | E14: Readings missing (approx.) | F14: Day/Night at start | G14: Severity | H14: Action | I14: Month key
B15: 46022.266 | C15: 46024.551 | D15: 54.822778 | E15: =ROUND(D15*60/'Monthly metrics'!$D$5,0)-1 -> 218 | F15: Night | G15: High | H15: Check the logger / network for this period | I15: 202512
B16: 46038.144 | C16: 46038.408 | D16: 6.3411111 | E16: =ROUND(D16*60/'Monthly metrics'!$D$5,0)-1 -> 24 | F16: Night | G16: Medium | H16: Check the logger / network for this period | I16: 202601
B17: 46041.267 | C17: 46042.479 | D17: 29.106389 | E17: =ROUND(D17*60/'Monthly metrics'!$D$5,0)-1 -> 115 | F17: Night | G17: High | H17: Check the logger / network for this period | I17: 202601
B18: 46050.185 | C18: 46050.41 | D18: 5.4036111 | E18: =ROUND(D18*60/'Monthly metrics'!$D$5,0)-1 -> 21 | F18: Night | G18: Low | H18: Monitor | I18: 202601
B19: 46051.113 | C19: 46051.405 | D19: 7.0116667 | E19: =ROUND(D19*60/'Monthly metrics'!$D$5,0)-1 -> 27 | F19: Night | G19: Medium | H19: Check the logger / network for this period | I19: 202601
B20: 46053.935 | C20: 46054.47 | D20: 12.851111 | E20: =ROUND(D20*60/'Monthly metrics'!$D$5,0)-1 -> 50 | F20: Night | G20: Medium | H20: Check the logger / network for this period | I20: 202601
B21: 46054.752 | C21: 46055.48 | D21: 17.475556 | E21: =ROUND(D21*60/'Monthly metrics'!$D$5,0)-1 -> 69 | F21: Day | G21: Medium | H21: Check the logger / network for this period | I21: 202602
B22: 46055.771 | C22: 46056.489 | D22: 17.225556 | E22: =ROUND(D22*60/'Monthly metrics'!$D$5,0)-1 -> 68 | F22: Night | G22: Medium | H22: Check the logger / network for this period | I22: 202602
B23: 46056.592 | C23: 46056.649 | D23: 1.3633333 | E23: =ROUND(D23*60/'Monthly metrics'!$D$5,0)-1 -> 4 | F23: Day | G23: Low | H23: Monitor | I23: 202602
B24: 46056.715 | C24: 46056.782 | D24: 1.6144444 | E24: =ROUND(D24*60/'Monthly metrics'!$D$5,0)-1 -> 5 | F24: Day | G24: Low | H24: Monitor | I24: 202602
B25: 46059.854 | C25: 46059.907 | D25: 1.2741667 | E25: =ROUND(D25*60/'Monthly metrics'!$D$5,0)-1 -> 4 | F25: Night | G25: Low | H25: Monitor | I25: 202602
B26: 46060.61 | C26: 46060.669 | D26: 1.4008333 | E26: =ROUND(D26*60/'Monthly metrics'!$D$5,0)-1 -> 5 | F26: Day | G26: Low | H26: Monitor | I26: 202602

Sheet Dec 2025
B2: We compared each reading with its own rolling baseline using the settings below | K2: ="Rank by mean materiality: "&'Monthly metrics'!$AB$8&" of 3 months (1 = most issues)" -> Rank by mean materiality: 3 of 3 months (1 = most issues)
B3: ="Sensor: Jensen Beach AHU 1 (°F), Period: December 2025, Value range: "&TEXT('Monthly metrics'!$G$8,"0.0")&" – "&TEXT('Monthly metrics'!$H$8,"0.0")&" °F" -> Sensor: Jensen Beach AHU 1 (°F), Period: December 2025, Value range: 67.9 – 75.5 °F | K3: Report generated: 10/08/2026 12:28
B5: < Back to summary worksheet
B6: Analysis funnel
B7: ="Readings in this month: "&TEXT('Monthly metrics'!$D$8,"#,##0") -> Readings in this month: 3,032 | F7: vs other months (3) | H7: Recommendations to improve | L7: Why have we recommended this?
D9: Extreme readings | I9: This month | J9: Best month | K9: Worst month
D10: Share of readings | F10: Rank vs other months | H10: ● Review what changed when the level shifted | I10: ='Monthly metrics'!$P$8 -> 0.18799472 | J10: =MIN('Monthly metrics'!$P$8:$P$10) -> 0.18799472 | K10: =MAX('Monthly metrics'!$P$8:$P$10) -> 0.33392226 | L10: ="Confirmed shift share: "&TEXT('Monthly metrics'!$P$8,"0%")&" of readings ("&TEXT('Monthly metrics'!$N$8*'Monthly metrics'!$D$5/60,"0")&" h). The value stayed away from its baseline for 7+ readings with mean |Z| ≥ 1.2 - check setpoint or schedule changes, sensor drift or an equipment fault." -> Confirmed shift share: 19% of readings (143 h). The value stayed away from its baseline for 7+ readings with mean |Z| ≥ 1.2 - check setpoint or schedule changes, sensor drift or an equipment fault.
D11: ='Monthly metrics'!$J$8 -> 0.12269129 | F11: ='Monthly metrics'!$Y$8 -> 2
D13: Sustained deviations | H13: ● Check the day/night pattern before acting on single extremes | I13: ='Monthly metrics'!$J$8 -> 0.12269129 | J13: =MIN('Monthly metrics'!$J$8:$J$10) -> 0.12149201 | K13: =MAX('Monthly metrics'!$J$8:$J$10) -> 0.12941696 | L13: ="Upper extremes happen mostly by day and lower extremes mostly at night ("&TEXT('Monthly metrics'!$K$8,"0")&" upper, "&TEXT('Monthly metrics'!$L$8,"0")&" lower). With a 20-reading (5 h) baseline, the normal daily swing itself is flagged. If the swing is intended (setback), consider Window = 96 (24 h)." -> Upper extremes happen mostly by day and lower extremes mostly at night (137 upper, 235 lower). With a 20-reading (5 h) baseline, the normal daily swing itself is flagged. If the swing is intended (setback), consider Window = 96 (24 h).
D14: Hours (Persistent + Confirmed) | F14: Rank vs other months
D15: ='Monthly metrics'!$O$8 -> 235.78333 | F15: ='Monthly metrics'!$Z$8 -> 3
H16: ● Check for hunting or short-cycling | I16: ='Monthly metrics'!$S$8 -> 4.2903226 | J16: =MIN('Monthly metrics'!$S$8:$S$10) -> 3.24 | K16: =MAX('Monthly metrics'!$S$8:$S$10) -> 4.2903226 | L16: ="Material changes: "&TEXT('Monthly metrics'!$S$8,"0.0")&" per day - fast changes that repeat within 10 readings. Check valve/damper control loops and compressor or fan staging." -> Material changes: 4.3 per day - fast changes that repeat within 10 readings. Check valve/damper control loops and compressor or fan staging.
D17: Material changes
D18: Per day | F18: Rank vs other months
D19: ='Monthly metrics'!$S$8 -> 4.2903226 | F19: ='Monthly metrics'!$AA$8 -> 1 | H19: ● Fix the data gaps | I19: ='Monthly metrics'!$X$8 -> 54.822778 | J19: =MIN('Monthly metrics'!$X$8:$X$10) -> 40.353889 | K19: =MAX('Monthly metrics'!$X$8:$X$10) -> 60.713889 | L19: ="Missing data: "&TEXT('Monthly metrics'!$X$8,"0.0")&" h in gaps longer than three intervals. Events inside a gap cannot be detected." -> Missing data: 54.8 h in gaps longer than three intervals. Events inside a gap cannot be detected.
B23: More benchmarks
H24: Measure | I24: This month | J24: Best month | K24: Worst month | L24: Whole period | M24: This month – Day | N24: This month – Night
H25: Mean value | I25: ='Monthly metrics'!$F$8 -> 73.178845 | J25: =MIN('Monthly metrics'!$F$8:$F$10) -> 71.634218 | K25: =MAX('Monthly metrics'!$F$8:$F$10) -> 73.178845 | L25: ='Monthly metrics'!$F$11 -> 72.534323 | M25: =AVERAGEIFS(D_Value,D_Month,'Monthly metrics'!$C$8,D_DN,"Day") -> 73.024759 | N25: =AVERAGEIFS(D_Value,D_Month,'Monthly metrics'!$C$8,D_DN,"Night") -> 73.304011
H26: Min value | I26: ='Monthly metrics'!$G$8 -> 67.8596 | J26: =MIN('Monthly metrics'!$G$8:$G$10) -> 65.0354 | K26: =MAX('Monthly metrics'!$G$8:$G$10) -> 67.8596 | L26: ='Monthly metrics'!$G$11 -> 65.0354 | M26: =_xlfn.MINIFS(D_Value,D_Month,'Monthly metrics'!$C$8,D_DN,"Day") -> 69.836 | N26: =_xlfn.MINIFS(D_Value,D_Month,'Monthly metrics'!$C$8,D_DN,"Night") -> 67.8596
H27: Max value | I27: ='Monthly metrics'!$H$8 -> 75.4826 | J27: =MIN('Monthly metrics'!$H$8:$H$10) -> 74.9174 | K27: =MAX('Monthly metrics'!$H$8:$H$10) -> 75.4826 | L27: ='Monthly metrics'!$H$11 -> 75.4826 | M27: =_xlfn.MAXIFS(D_Value,D_Month,'Monthly metrics'!$C$8,D_DN,"Day") -> 75.4826 | N27: =_xlfn.MAXIFS(D_Value,D_Month,'Monthly metrics'!$C$8,D_DN,"Night") -> 75.2
H28: Extreme share | I28: ='Monthly metrics'!$J$8 -> 0.12269129 | J28: =MIN('Monthly metrics'!$J$8:$J$10) -> 0.12149201 | K28: =MAX('Monthly metrics'!$J$8:$J$10) -> 0.12941696 | L28: ='Monthly metrics'!$J$11 -> 0.12415239 | M28: =COUNTIFS(D_Month,'Monthly metrics'!$C$8,D_DN,"Day",D_Ext,TRUE())/COUNTIFS(D_Month,'Monthly metrics'!$C$8,D_DN,"Day") -> 0.15231788 | N28: =COUNTIFS(D_Month,'Monthly metrics'!$C$8,D_DN,"Night",D_Ext,TRUE())/COUNTIFS(D_Month,'Monthly metrics'!$C$8,D_DN,"Night") -> 0.098625224
H29: Upper extremes | I29: ='Monthly metrics'!$K$8 -> 137 | J29: =MIN('Monthly metrics'!$K$8:$K$10) -> 137 | K29: =MAX('Monthly metrics'!$K$8:$K$10) -> 171 | L29: ='Monthly metrics'!$K$11 -> 478 | M29: =COUNTIFS(D_Month,'Monthly metrics'!$C$8,D_DN,"Day",D_Dir,"upper") -> 94 | N29: =COUNTIFS(D_Month,'Monthly metrics'!$C$8,D_DN,"Night",D_Dir,"upper") -> 43
H30: Lower extremes | I30: ='Monthly metrics'!$L$8 -> 235 | J30: =MIN('Monthly metrics'!$L$8:$L$10) -> 123 | K30: =MAX('Monthly metrics'!$L$8:$L$10) -> 235 | L30: ='Monthly metrics'!$L$11 -> 529 | M30: =COUNTIFS(D_Month,'Monthly metrics'!$C$8,D_DN,"Day",D_Dir,"lower") -> 113 | N30: =COUNTIFS(D_Month,'Monthly metrics'!$C$8,D_DN,"Night",D_Dir,"lower") -> 122
H31: Sustained deviation (h) | I31: ='Monthly metrics'!$O$8 -> 235.78333 | J31: =MIN('Monthly metrics'!$O$8:$O$10) -> 235.78333 | K31: =MAX('Monthly metrics'!$O$8:$O$10) -> 251.335 | L31: ='Monthly metrics'!$O$11 -> 733.43667 | M31: =(COUNTIFS(D_Month,'Monthly metrics'!$C$8,D_DN,"Day",D_State,"Persistent")+COUNTIFS(D_Month,'Monthly metrics'!$C$8,D_DN,"Day",D_Conf,TRUE()))*'Monthly metrics'!$D$5/60 -> 88.293333 | N31: =(COUNTIFS(D_Month,'Monthly metrics'!$C$8,D_DN,"Night",D_State,"Persistent")+COUNTIFS(D_Month,'Monthly metrics'!$C$8,D_DN,"Night",D_Conf,TRUE()))*'Monthly metrics'!$D$5/60 -> 147.49
H32: Confirmed share | I32: ='Monthly metrics'!$P$8 -> 0.18799472 | J32: =MIN('Monthly metrics'!$P$8:$P$10) -> 0.18799472 | K32: =MAX('Monthly metrics'!$P$8:$P$10) -> 0.33392226 | L32: ='Monthly metrics'!$P$11 -> 0.24953766 | M32: =COUNTIFS(D_Month,'Monthly metrics'!$C$8,D_DN,"Day",D_Conf,TRUE())/COUNTIFS(D_Month,'Monthly metrics'!$C$8,D_DN,"Day") -> 0.13833701 | N32: =COUNTIFS(D_Month,'Monthly metrics'!$C$8,D_DN,"Night",D_Conf,TRUE())/COUNTIFS(D_Month,'Monthly metrics'!$C$8,D_DN,"Night") -> 0.22833234
H33: Material changes per day | I33: ='Monthly metrics'!$S$8 -> 4.2903226 | J33: =MIN('Monthly metrics'!$S$8:$S$10) -> 3.24 | K33: =MAX('Monthly metrics'!$S$8:$S$10) -> 4.2903226 | L33: ='Monthly metrics'!$S$11 -> 3.9186047 | M33: Not relevant | N33: Not relevant
H34: Mean materiality score | I34: ='Monthly metrics'!$T$8 -> 0.2142379 | J34: =MIN('Monthly metrics'!$T$8:$T$10) -> 0.2142379 | K34: =MAX('Monthly metrics'!$T$8:$T$10) -> 0.2695333 | L34: ='Monthly metrics'!$T$11 -> 0.23689843 | M34: =AVERAGEIFS(D_Score,D_Month,'Monthly metrics'!$C$8,D_DN,"Day") -> 0.19869249 | N34: =AVERAGEIFS(D_Score,D_Month,'Monthly metrics'!$C$8,D_DN,"Night") -> 0.22686563
H35: Max |Z| | I35: ='Monthly metrics'!$V$8 -> 4.2485292 | J35: =MIN('Monthly metrics'!$V$8:$V$10) -> 4.2485292 | K35: =MAX('Monthly metrics'!$V$8:$V$10) -> 4.2485292 | L35: ='Monthly metrics'!$V$11 -> 4.2485292 | M35: =_xlfn.MAXIFS(D_AbsZ,D_Month,'Monthly metrics'!$C$8,D_DN,"Day") -> 4.2485292 | N35: =_xlfn.MAXIFS(D_AbsZ,D_Month,'Monthly metrics'!$C$8,D_DN,"Night") -> 4.2485292
H36: Data gap hours | I36: ='Monthly metrics'!$X$8 -> 54.822778 | J36: =MIN('Monthly metrics'!$X$8:$X$10) -> 40.353889 | K36: =MAX('Monthly metrics'!$X$8:$X$10) -> 60.713889 | L36: ='Monthly metrics'!$X$11 -> 155.89056 | M36: Not relevant | N36: Not relevant
H38: * Best = lowest month, Worst = highest month for each measure (for Mean/Min/Max value: simply the lowest and highest month).
H39: * Max |Z| is capped at 4.25 with a 20-reading rolling window ((W−1)/√W), so it is the same in every month; use Extreme share and the events instead.
H40: * Settings: Rolling Mean/Std, Window 20, K_E 2.0, K_P 1.0, N_P 3, N_M 7, K_M 1.2, N_EXIT 1, ROC h 1, ROC window 20, ROC_K 2.0, frequency 10 / min 2.
B42: Readings against the normal range
B43: Grey band = normal range (moving average ± 2σ). Dots outside it are Extreme readings: orange = upper, blue = lower.
B68: Events in this month
B69: View all events
B70: * Sorted by materiality score (highest first). Action: Investigate = Confirmed shift, Review = Persistent, Monitor = shorter events. Click the Action to see the readings.
B72: Start | D72: End | F72: Duration (h) | H72: Highest state | I72: Direction | J72: Peak value | K72: Max |Z| | L72: Mean |Z| | M72: Max materiality | N72: Day/Night | O72: Action
B73: 45993.344 | D73: 45993.479 | F73: 3.4794444 | H73: Confirmed/Materialized Shift | I73: upper | J73: 74.9174 | K73: 3.7830251 | L73: 2.0473129 | M73: 0.7019 | N73: Day | O73: Investigate
B74: 46006.416 | D74: 46006.462 | F74: 1.3327778 | H74: Confirmed/Materialized Shift | I74: upper | J74: 74.0714 | K74: 3.7804442 | L74: 2.7600932 | M74: 0.7004 | N74: Day | O74: Investigate
B75: 46006.092 | D75: 46006.217 | F75: 3.2363889 | H75: Confirmed/Materialized Shift | I75: lower | J75: 73.5062 | K75: 4.2485292 | L75: 2.0302192 | M75: 0.6648 | N75: Night | O75: Investigate
B76: 46005.717 | D76: 46005.843 | F76: 3.2761111 | H76: Confirmed/Materialized Shift | I76: upper | J76: 74.0714 | K76: 2.9538893 | L76: 1.8358277 | M76: 0.6541 | N76: Day | O76: Investigate
B77: 46009.367 | D77: 46009.437 | F77: 1.9286111 | H77: Confirmed/Materialized Shift | I77: lower | J77: 72.095 | K77: 3.5884165 | L77: 2.566797 | M77: 0.6508 | N77: Day | O77: Investigate
B78: 45997.134 | D78: 45997.207 | F78: 1.9897222 | H78: Confirmed/Materialized Shift | I78: lower | J78: 73.5062 | K78: 2.5628081 | L78: 1.9608306 | M78: 0.628 | N78: Night | O78: Investigate
B79: 46021.175 | D79: 46021.323 | F79: 3.8022222 | H79: Confirmed/Materialized Shift | I79: lower | J79: 72.095 | K79: 2.5628081 | L79: 1.645856 | M79: 0.628 | N79: Night | O79: Investigate
B80: 45998.221 | D80: 45998.335 | F80: 2.9847222 | H80: Confirmed/Materialized Shift | I80: lower | J80: 74.0714 | K80: 2.486541 | L80: 1.8722189 | M80: 0.6229 | N80: Night | O80: Investigate
B81: 46012.061 | D81: 46012.216 | F81: 3.9875 | H81: Confirmed/Materialized Shift | I81: lower | J81: 72.941 | K81: 2.4712634 | L81: 1.5710676 | M81: 0.6219 | N81: Night | O81: Investigate
B82: 46008.196 | D82: 46008.258 | F82: 1.7472222 | H82: Confirmed/Materialized Shift | I82: lower | J82: 72.6584 | K82: 2.4596748 | L82: 1.8067044 | M82: 0.6211 | N82: Night | O82: Investigate
B83: 45997.645 | D83: 45997.723 | F83: 2.1180556 | H83: Confirmed/Materialized Shift | I83: lower | J83: 71.8124 | K83: 3.082207 | L83: 2.3896811 | M83: 0.6204 | N83: Day | O83: Investigate
B84: 45999.377 | D84: 45999.433 | F84: 1.5911111 | H84: Confirmed/Materialized Shift | I84: lower | J84: 71.8124 | K84: 3.4158878 | L84: 2.7760743 | M84: 0.6195 | N84: Day | O84: Investigate
... B194: 46004.95 | D194: 46004.95 | F194: 0.25083333 | H194: Extreme triggered | I194: upper | J194: 73.7888 | K194: 2.1794495 | L194: 2.1794495 | M194: 0.2024 | N194: Night | O194: Monitor

Sheet Jan 2026
B2: We compared each reading with its own rolling baseline using the settings below | K2: ="Rank by mean materiality: "&'Monthly metrics'!$AB$9&" of 3 months (1 = most issues)" -> Rank by mean materiality: 2 of 3 months (1 = most issues)
B3: ="Sensor: Jensen Beach AHU 1 (°F), Period: January 2026, Value range: "&TEXT('Monthly metrics'!$G$9,"0.0")&" – "&TEXT('Monthly metrics'!$H$9,"0.0")&" °F" -> Sensor: Jensen Beach AHU 1 (°F), Period: January 2026, Value range: 66.2 – 75.5 °F | K3: Report generated: 10/08/2026 12:28
B5: < Back to summary worksheet
B6: Analysis funnel
B7: ="Readings in this month: "&TEXT('Monthly metrics'!$D$9,"#,##0") -> Readings in this month: 2,815 | F7: vs other months (3) | H7: Recommendations to improve | L7: Why have we recommended this?
D9: Extreme readings | I9: This month | J9: Best month | K9: Worst month
D10: Share of readings | F10: Rank vs other months | H10: ● Review what changed when the level shifted | I10: ='Monthly metrics'!$P$9 -> 0.24795737 | J10: =MIN('Monthly metrics'!$P$8:$P$10) -> 0.18799472 | K10: =MAX('Monthly metrics'!$P$8:$P$10) -> 0.33392226 | L10: ="Confirmed shift share: "&TEXT('Monthly metrics'!$P$9,"0%")&" of readings ("&TEXT('Monthly metrics'!$N$9*'Monthly metrics'!$D$5/60,"0")&" h). The value stayed away from its baseline for 7+ readings with mean |Z| ≥ 1.2 - check setpoint or schedule changes, sensor drift or an equipment fault." -> Confirmed shift share: 25% of readings (175 h). The value stayed away from its baseline for 7+ readings with mean |Z| ≥ 1.2 - check setpoint or schedule changes, sensor drift or an equipment fault.
D11: ='Monthly metrics'!$J$9 -> 0.12149201 | F11: ='Monthly metrics'!$Y$9 -> 3
D13: Sustained deviations | H13: ● Check the day/night pattern before acting on single extremes | I13: ='Monthly metrics'!$J$9 -> 0.12149201 | J13: =MIN('Monthly metrics'!$J$8:$J$10) -> 0.12149201 | K13: =MAX('Monthly metrics'!$J$8:$J$10) -> 0.12941696 | L13: ="Upper extremes happen mostly by day and lower extremes mostly at night ("&TEXT('Monthly metrics'!$K$9,"0")&" upper, "&TEXT('Monthly metrics'!$L$9,"0")&" lower). With a 20-reading (5 h) baseline, the normal daily swing itself is flagged. If the swing is intended (setback), consider Window = 96 (24 h)." -> Upper extremes happen mostly by day and lower extremes mostly at night (171 upper, 171 lower). With a 20-reading (5 h) baseline, the normal daily swing itself is flagged. If the swing is intended (setback), consider Window = 96 (24 h).
D14: Hours (Persistent + Confirmed) | F14: Rank vs other months
D15: ='Monthly metrics'!$O$9 -> 251.335 | F15: ='Monthly metrics'!$Z$9 -> 1
H16: ● Check for hunting or short-cycling | I16: ='Monthly metrics'!$S$9 -> 4.1 | J16: =MIN('Monthly metrics'!$S$8:$S$10) -> 3.24 | K16: =MAX('Monthly metrics'!$S$8:$S$10) -> 4.2903226 | L16: ="Material changes: "&TEXT('Monthly metrics'!$S$9,"0.0")&" per day - fast changes that repeat within 10 readings. Check valve/damper control loops and compressor or fan staging." -> Material changes: 4.1 per day - fast changes that repeat within 10 readings. Check valve/damper control loops and compressor or fan staging.
D17: Material changes
D18: Per day | F18: Rank vs other months
D19: ='Monthly metrics'!$S$9 -> 4.1 | F19: ='Monthly metrics'!$AA$9 -> 2 | H19: ● Fix the data gaps | I19: ='Monthly metrics'!$X$9 -> 60.713889 | J19: =MIN('Monthly metrics'!$X$8:$X$10) -> 40.353889 | K19: =MAX('Monthly metrics'!$X$8:$X$10) -> 60.713889 | L19: ="Missing data: "&TEXT('Monthly metrics'!$X$9,"0.0")&" h in gaps longer than three intervals. Events inside a gap cannot be detected." -> Missing data: 60.7 h in gaps longer than three intervals. Events inside a gap cannot be detected.
B23: More benchmarks
H24: Measure | I24: This month | J24: Best month | K24: Worst month | L24: Whole period | M24: This month – Day | N24: This month – Night
H25: Mean value | I25: ='Monthly metrics'!$F$9 -> 72.564037 | J25: =MIN('Monthly metrics'!$F$8:$F$10) -> 71.634218 | K25: =MAX('Monthly metrics'!$F$8:$F$10) -> 73.178845 | L25: ='Monthly metrics'!$F$11 -> 72.534323 | M25: =AVERAGEIFS(D_Value,D_Month,'Monthly metrics'!$C$9,D_DN,"Day") -> 72.616811 | N25: =AVERAGEIFS(D_Value,D_Month,'Monthly metrics'!$C$9,D_DN,"Night") -> 72.51914
H26: Min value | I26: ='Monthly metrics'!$G$9 -> 66.164 | J26: =MIN('Monthly metrics'!$G$8:$G$10) -> 65.0354 | K26: =MAX('Monthly metrics'!$G$8:$G$10) -> 67.8596 | L26: ='Monthly metrics'!$G$11 -> 65.0354 | M26: =_xlfn.MINIFS(D_Value,D_Month,'Monthly metrics'!$C$9,D_DN,"Day") -> 66.164 | N26: =_xlfn.MINIFS(D_Value,D_Month,'Monthly metrics'!$C$9,D_DN,"Night") -> 67.2944
H27: Max value | I27: ='Monthly metrics'!$H$9 -> 75.4826 | J27: =MIN('Monthly metrics'!$H$8:$H$10) -> 74.9174 | K27: =MAX('Monthly metrics'!$H$8:$H$10) -> 75.4826 | L27: ='Monthly metrics'!$H$11 -> 75.4826 | M27: =_xlfn.MAXIFS(D_Value,D_Month,'Monthly metrics'!$C$9,D_DN,"Day") -> 75.4826 | N27: =_xlfn.MAXIFS(D_Value,D_Month,'Monthly metrics'!$C$9,D_DN,"Night") -> 75.4826
H28: Extreme share | I28: ='Monthly metrics'!$J$9 -> 0.12149201 | J28: =MIN('Monthly metrics'!$J$8:$J$10) -> 0.12149201 | K28: =MAX('Monthly metrics'!$J$8:$J$10) -> 0.12941696 | L28: ='Monthly metrics'!$J$11 -> 0.12415239 | M28: =COUNTIFS(D_Month,'Monthly metrics'!$C$9,D_DN,"Day",D_Ext,TRUE())/COUNTIFS(D_Month,'Monthly metrics'!$C$9,D_DN,"Day") -> 0.1561051 | N28: =COUNTIFS(D_Month,'Monthly metrics'!$C$9,D_DN,"Night",D_Ext,TRUE())/COUNTIFS(D_Month,'Monthly metrics'!$C$9,D_DN,"Night") -> 0.092044707
H29: Upper extremes | I29: ='Monthly metrics'!$K$9 -> 171 | J29: =MIN('Monthly metrics'!$K$8:$K$10) -> 137 | K29: =MAX('Monthly metrics'!$K$8:$K$10) -> 171 | L29: ='Monthly metrics'!$K$11 -> 478 | M29: =COUNTIFS(D_Month,'Monthly metrics'!$C$9,D_DN,"Day",D_Dir,"upper") -> 141 | N29: =COUNTIFS(D_Month,'Monthly metrics'!$C$9,D_DN,"Night",D_Dir,"upper") -> 30
H30: Lower extremes | I30: ='Monthly metrics'!$L$9 -> 171 | J30: =MIN('Monthly metrics'!$L$8:$L$10) -> 123 | K30: =MAX('Monthly metrics'!$L$8:$L$10) -> 235 | L30: ='Monthly metrics'!$L$11 -> 529 | M30: =COUNTIFS(D_Month,'Monthly metrics'!$C$9,D_DN,"Day",D_Dir,"lower") -> 61 | N30: =COUNTIFS(D_Month,'Monthly metrics'!$C$9,D_DN,"Night",D_Dir,"lower") -> 110
H31: Sustained deviation (h) | I31: ='Monthly metrics'!$O$9 -> 251.335 | J31: =MIN('Monthly metrics'!$O$8:$O$10) -> 235.78333 | K31: =MAX('Monthly metrics'!$O$8:$O$10) -> 251.335 | L31: ='Monthly metrics'!$O$11 -> 733.43667 | M31: =(COUNTIFS(D_Month,'Monthly metrics'!$C$9,D_DN,"Day",D_State,"Persistent")+COUNTIFS(D_Month,'Monthly metrics'!$C$9,D_DN,"Day",D_Conf,TRUE()))*'Monthly metrics'!$D$5/60 -> 96.821667 | N31: =(COUNTIFS(D_Month,'Monthly metrics'!$C$9,D_DN,"Night",D_State,"Persistent")+COUNTIFS(D_Month,'Monthly metrics'!$C$9,D_DN,"Night",D_Conf,TRUE()))*'Monthly metrics'!$D$5/60 -> 154.51333
H32: Confirmed share | I32: ='Monthly metrics'!$P$9 -> 0.24795737 | J32: =MIN('Monthly metrics'!$P$8:$P$10) -> 0.18799472 | K32: =MAX('Monthly metrics'!$P$8:$P$10) -> 0.33392226 | L32: ='Monthly metrics'!$P$11 -> 0.24953766 | M32: =COUNTIFS(D_Month,'Monthly metrics'!$C$9,D_DN,"Day",D_Conf,TRUE())/COUNTIFS(D_Month,'Monthly metrics'!$C$9,D_DN,"Day") -> 0.19319938 | N32: =COUNTIFS(D_Month,'Monthly metrics'!$C$9,D_DN,"Night",D_Conf,TRUE())/COUNTIFS(D_Month,'Monthly metrics'!$C$9,D_DN,"Night") -> 0.29454306
H33: Material changes per day | I33: ='Monthly metrics'!$S$9 -> 4.1 | J33: =MIN('Monthly metrics'!$S$8:$S$10) -> 3.24 | K33: =MAX('Monthly metrics'!$S$8:$S$10) -> 4.2903226 | L33: ='Monthly metrics'!$S$11 -> 3.9186047 | M33: Not relevant | N33: Not relevant
H34: Mean materiality score | I34: ='Monthly metrics'!$T$9 -> 0.23505879 | J34: =MIN('Monthly metrics'!$T$8:$T$10) -> 0.2142379 | K34: =MAX('Monthly metrics'!$T$8:$T$10) -> 0.2695333 | L34: ='Monthly metrics'!$T$11 -> 0.23689843 | M34: =AVERAGEIFS(D_Score,D_Month,'Monthly metrics'!$C$9,D_DN,"Day") -> 0.21525054 | N34: =AVERAGEIFS(D_Score,D_Month,'Monthly metrics'!$C$9,D_DN,"Night") -> 0.25191078
H35: Max |Z| | I35: ='Monthly metrics'!$V$9 -> 4.2485292 | J35: =MIN('Monthly metrics'!$V$8:$V$10) -> 4.2485292 | K35: =MAX('Monthly metrics'!$V$8:$V$10) -> 4.2485292 | L35: ='Monthly metrics'!$V$11 -> 4.2485292 | M35: =_xlfn.MAXIFS(D_AbsZ,D_Month,'Monthly metrics'!$C$9,D_DN,"Day") -> 4.2485292 | N35: =_xlfn.MAXIFS(D_AbsZ,D_Month,'Monthly metrics'!$C$9,D_DN,"Night") -> 4.2485292
H36: Data gap hours | I36: ='Monthly metrics'!$X$9 -> 60.713889 | J36: =MIN('Monthly metrics'!$X$8:$X$10) -> 40.353889 | K36: =MAX('Monthly metrics'!$X$8:$X$10) -> 60.713889 | L36: ='Monthly metrics'!$X$11 -> 155.89056 | M36: Not relevant | N36: Not relevant
H38: * Best = lowest month, Worst = highest month for each measure (for Mean/Min/Max value: simply the lowest and highest month).
H39: * Max |Z| is capped at 4.25 with a 20-reading rolling window ((W−1)/√W), so it is the same in every month; use Extreme share and the events instead.
H40: * Settings: Rolling Mean/Std, Window 20, K_E 2.0, K_P 1.0, N_P 3, N_M 7, K_M 1.2, N_EXIT 1, ROC h 1, ROC window 20, ROC_K 2.0, frequency 10 / min 2.
B42: Readings against the normal range
B43: Grey band = normal range (moving average ± 2σ). Dots outside it are Extreme readings: orange = upper, blue = lower.
B68: Events in this month
B69: View all events
B70: * Sorted by materiality score (highest first). Action: Investigate = Confirmed shift, Review = Persistent, Monitor = shorter events. Click the Action to see the readings.
B72: Start | D72: End | F72: Duration (h) | H72: Highest state | I72: Direction | J72: Peak value | K72: Max |Z| | L72: Mean |Z| | M72: Max materiality | N72: Day/Night | O72: Action
B73: 46035.53 | D73: 46035.601 | F73: 1.95 | H73: Confirmed/Materialized Shift | I73: upper | J73: 74.0714 | K73: 3.4626496 | L73: 1.776158 | M73: 0.688 | N73: Day | O73: Investigate
B74: 46025.375 | D74: 46025.488 | F74: 2.9611111 | H74: Confirmed/Materialized Shift | I74: upper | J74: 72.941 | K74: 2.9016213 | L74: 2.1484206 | M74: 0.6791 | N74: Day | O74: Investigate
B75: 46029.375 | D75: 46029.471 | F75: 2.5497222 | H75: Confirmed/Materialized Shift | I75: upper | J75: 74.0714 | K75: 2.9225774 | L75: 2.1586583 | M75: 0.6694 | N75: Day | O75: Investigate
B76: 46047.123 | D76: 46047.32 | F76: 4.9741667 | H76: Confirmed/Materialized Shift | I76: lower | J76: 73.7888 | K76: 2.9240383 | L76: 1.8036455 | M76: 0.6596 | N76: Night | O76: Investigate
B77: 46043.375 | D77: 46043.595 | F77: 5.5286111 | H77: Confirmed/Materialized Shift | I77: upper | J77: 74.0714 | K77: 2.9240383 | L77: 1.6740026 | M77: 0.6492 | N77: Day | O77: Investigate
B78: 46040.386 | D78: 46040.541 | F78: 3.9772222 | H78: Confirmed/Materialized Shift | I78: upper | J78: 73.7888 | K78: 3.082207 | L78: 2.095897 | M78: 0.6394 | N78: Day | O78: Investigate
B79: 46053.769 | D79: 46054.522 | F79: 18.325 | H79: Confirmed/Materialized Shift | I79: lower | J79: 65.0354 | K79: 3.082207 | L79: 2.0115577 | M79: 0.6331 | N79: Night | O79: Investigate
B80: 46052.396 | D80: 46052.738 | F80: 8.4613889 | H80: Confirmed/Materialized Shift | I80: upper | J80: 73.7888 | K80: 2.80916 | L80: 1.7617023 | M80: 0.6268 | N80: Day | O80: Investigate
B81: 46044.04 | D81: 46044.217 | F81: 4.4805556 | H81: Confirmed/Materialized Shift | I81: lower | J81: 72.6584 | K81: 4.2485292 | L81: 1.871586 | M81: 0.6219 | N81: Night | O81: Investigate
B82: 46050.812 | D82: 46051.416 | F82: 14.730833 | H82: Confirmed/Materialized Shift | I82: lower | J82: 66.4466 | K82: 3.2606247 | L82: 1.8378279 | M82: 0.6199 | N82: Night | O82: Investigate
B83: 46051.812 | D83: 46052.154 | F83: 8.4602778 | H83: Confirmed/Materialized Shift | I83: lower | J83: 69.5534 | K83: 2.8102185 | L83: 1.6713983 | M83: 0.6187 | N83: Night | O83: Investigate
B84: 46040.165 | D84: 46040.258 | F84: 2.4916667 | H84: Confirmed/Materialized Shift | I84: lower | J84: 71.5298 | K84: 2.3974657 | L84: 1.5618054 | M84: 0.617 | N84: Night | O84: Investigate
... B174: 46032.287 | D174: 46032.287 | F174: 0.25083333 | H174: Extreme triggered | I174: lower | J174: 72.941 | K174: 2.0645555 | L174: 2.0645555 | M174: 0.1948 | N174: Night | O174: Monitor

Sheet Feb 2026
B2: We compared each reading with its own rolling baseline using the settings below | K2: ="Rank by mean materiality: "&'Monthly metrics'!$AB$10&" of 3 months (1 = most issues)" -> Rank by mean materiality: 1 of 3 months (1 = most issues)
B3: ="Sensor: Jensen Beach AHU 1 (°F), Period: February 2026, Value range: "&TEXT('Monthly metrics'!$G$10,"0.0")&" – "&TEXT('Monthly metrics'!$H$10,"0.0")&" °F" -> Sensor: Jensen Beach AHU 1 (°F), Period: February 2026, Value range: 65.0 – 74.9 °F | K3: Report generated: 10/08/2026 12:28
B5: < Back to summary worksheet
B6: Analysis funnel
B7: ="Readings in this month: "&TEXT('Monthly metrics'!$D$10,"#,##0") -> Readings in this month: 2,264 | F7: vs other months (3) | H7: Recommendations to improve | L7: Why have we recommended this?
D9: Extreme readings | I9: This month | J9: Best month | K9: Worst month
D10: Share of readings | F10: Rank vs other months | H10: ● Review what changed when the level shifted | I10: ='Monthly metrics'!$P$10 -> 0.33392226 | J10: =MIN('Monthly metrics'!$P$8:$P$10) -> 0.18799472 | K10: =MAX('Monthly metrics'!$P$8:$P$10) -> 0.33392226 | L10: ="Confirmed shift share: "&TEXT('Monthly metrics'!$P$10,"0%")&" of readings ("&TEXT('Monthly metrics'!$N$10*'Monthly metrics'!$D$5/60,"0")&" h). The value stayed away from its baseline for 7+ readings with mean |Z| ≥ 1.2 - check setpoint or schedule changes, sensor drift or an equipment fault." -> Confirmed shift share: 33% of readings (190 h). The value stayed away from its baseline for 7+ readings with mean |Z| ≥ 1.2 - check setpoint or schedule changes, sensor drift or an equipment fault.
D11: ='Monthly metrics'!$J$10 -> 0.12941696 | F11: ='Monthly metrics'!$Y$10 -> 1
D13: Sustained deviations | H13: ● Check the day/night pattern before acting on single extremes | I13: ='Monthly metrics'!$J$10 -> 0.12941696 | J13: =MIN('Monthly metrics'!$J$8:$J$10) -> 0.12149201 | K13: =MAX('Monthly metrics'!$J$8:$J$10) -> 0.12941696 | L13: ="Upper extremes happen mostly by day and lower extremes mostly at night ("&TEXT('Monthly metrics'!$K$10,"0")&" upper, "&TEXT('Monthly metrics'!$L$10,"0")&" lower). With a 20-reading (5 h) baseline, the normal daily swing itself is flagged. If the swing is intended (setback), consider Window = 96 (24 h)." -> Upper extremes happen mostly by day and lower extremes mostly at night (170 upper, 123 lower). With a 20-reading (5 h) baseline, the normal daily swing itself is flagged. If the swing is intended (setback), consider Window = 96 (24 h).
D14: Hours (Persistent + Confirmed) | F14: Rank vs other months
D15: ='Monthly metrics'!$O$10 -> 246.31833 | F15: ='Monthly metrics'!$Z$10 -> 2
H16: ● Check for hunting or short-cycling | I16: ='Monthly metrics'!$S$10 -> 3.24 | J16: =MIN('Monthly metrics'!$S$8:$S$10) -> 3.24 | K16: =MAX('Monthly metrics'!$S$8:$S$10) -> 4.2903226 | L16: ="Material changes: "&TEXT('Monthly metrics'!$S$10,"0.0")&" per day - fast changes that repeat within 10 readings. Check valve/damper control loops and compressor or fan staging." -> Material changes: 3.2 per day - fast changes that repeat within 10 readings. Check valve/damper control loops and compressor or fan staging.
D17: Material changes
D18: Per day | F18: Rank vs other months
D19: ='Monthly metrics'!$S$10 -> 3.24 | F19: ='Monthly metrics'!$AA$10 -> 3 | H19: ● Fix the data gaps | I19: ='Monthly metrics'!$X$10 -> 40.353889 | J19: =MIN('Monthly metrics'!$X$8:$X$10) -> 40.353889 | K19: =MAX('Monthly metrics'!$X$8:$X$10) -> 60.713889 | L19: ="Missing data: "&TEXT('Monthly metrics'!$X$10,"0.0")&" h in gaps longer than three intervals. Events inside a gap cannot be detected." -> Missing data: 40.4 h in gaps longer than three intervals. Events inside a gap cannot be detected.
B23: More benchmarks
H24: Measure | I24: This month | J24: Best month | K24: Worst month | L24: Whole period | M24: This month – Day | N24: This month – Night
H25: Mean value | I25: ='Monthly metrics'!$F$10 -> 71.634218 | J25: =MIN('Monthly metrics'!$F$8:$F$10) -> 71.634218 | K25: =MAX('Monthly metrics'!$F$8:$F$10) -> 73.178845 | L25: ='Monthly metrics'!$F$11 -> 72.534323 | M25: =AVERAGEIFS(D_Value,D_Month,'Monthly metrics'!$C$10,D_DN,"Day") -> 71.747129 | N25: =AVERAGEIFS(D_Value,D_Month,'Monthly metrics'!$C$10,D_DN,"Night") -> 71.525035
H26: Min value | I26: ='Monthly metrics'!$G$10 -> 65.0354 | J26: =MIN('Monthly metrics'!$G$8:$G$10) -> 65.0354 | K26: =MAX('Monthly metrics'!$G$8:$G$10) -> 67.8596 | L26: ='Monthly metrics'!$G$11 -> 65.0354 | M26: =_xlfn.MINIFS(D_Value,D_Month,'Monthly metrics'!$C$10,D_DN,"Day") -> 65.0354 | N26: =_xlfn.MINIFS(D_Value,D_Month,'Monthly metrics'!$C$10,D_DN,"Night") -> 67.2944
H27: Max value | I27: ='Monthly metrics'!$H$10 -> 74.9174 | J27: =MIN('Monthly metrics'!$H$8:$H$10) -> 74.9174 | K27: =MAX('Monthly metrics'!$H$8:$H$10) -> 75.4826 | L27: ='Monthly metrics'!$H$11 -> 75.4826 | M27: =_xlfn.MAXIFS(D_Value,D_Month,'Monthly metrics'!$C$10,D_DN,"Day") -> 74.0714 | N27: =_xlfn.MAXIFS(D_Value,D_Month,'Monthly metrics'!$C$10,D_DN,"Night") -> 74.9174
H28: Extreme share | I28: ='Monthly metrics'!$J$10 -> 0.12941696 | J28: =MIN('Monthly metrics'!$J$8:$J$10) -> 0.12149201 | K28: =MAX('Monthly metrics'!$J$8:$J$10) -> 0.12941696 | L28: ='Monthly metrics'!$J$11 -> 0.12415239 | M28: =COUNTIFS(D_Month,'Monthly metrics'!$C$10,D_DN,"Day",D_Ext,TRUE())/COUNTIFS(D_Month,'Monthly metrics'!$C$10,D_DN,"Day") -> 0.17340521 | N28: =COUNTIFS(D_Month,'Monthly metrics'!$C$10,D_DN,"Night",D_Ext,TRUE())/COUNTIFS(D_Month,'Monthly metrics'!$C$10,D_DN,"Night") -> 0.086880973
H29: Upper extremes | I29: ='Monthly metrics'!$K$10 -> 170 | J29: =MIN('Monthly metrics'!$K$8:$K$10) -> 137 | K29: =MAX('Monthly metrics'!$K$8:$K$10) -> 171 | L29: ='Monthly metrics'!$K$11 -> 478 | M29: =COUNTIFS(D_Month,'Monthly metrics'!$C$10,D_DN,"Day",D_Dir,"upper") -> 164 | N29: =COUNTIFS(D_Month,'Monthly metrics'!$C$10,D_DN,"Night",D_Dir,"upper") -> 6
H30: Lower extremes | I30: ='Monthly metrics'!$L$10 -> 123 | J30: =MIN('Monthly metrics'!$L$8:$L$10) -> 123 | K30: =MAX('Monthly metrics'!$L$8:$L$10) -> 235 | L30: ='Monthly metrics'!$L$11 -> 529 | M30: =COUNTIFS(D_Month,'Monthly metrics'!$C$10,D_DN,"Day",D_Dir,"lower") -> 29 | N30: =COUNTIFS(D_Month,'Monthly metrics'!$C$10,D_DN,"Night",D_Dir,"lower") -> 94
H31: Sustained deviation (h) | I31: ='Monthly metrics'!$O$10 -> 246.31833 | J31: =MIN('Monthly metrics'!$O$8:$O$10) -> 235.78333 | K31: =MAX('Monthly metrics'!$O$8:$O$10) -> 251.335 | L31: ='Monthly metrics'!$O$11 -> 733.43667 | M31: =(COUNTIFS(D_Month,'Monthly metrics'!$C$10,D_DN,"Day",D_State,"Persistent")+COUNTIFS(D_Month,'Monthly metrics'!$C$10,D_DN,"Day",D_Conf,TRUE()))*'Monthly metrics'!$D$5/60 -> 106.35333 | N31: =(COUNTIFS(D_Month,'Monthly metrics'!$C$10,D_DN,"Night",D_State,"Persistent")+COUNTIFS(D_Month,'Monthly metrics'!$C$10,D_DN,"Night",D_Conf,TRUE()))*'Monthly metrics'!$D$5/60 -> 139.965
H32: Confirmed share | I32: ='Monthly metrics'!$P$10 -> 0.33392226 | J32: =MIN('Monthly metrics'!$P$8:$P$10) -> 0.18799472 | K32: =MAX('Monthly metrics'!$P$8:$P$10) -> 0.33392226 | L32: ='Monthly metrics'!$P$11 -> 0.24953766 | M32: =COUNTIFS(D_Month,'Monthly metrics'!$C$10,D_DN,"Day",D_Conf,TRUE())/COUNTIFS(D_Month,'Monthly metrics'!$C$10,D_DN,"Day") -> 0.27583109 | N32: =COUNTIFS(D_Month,'Monthly metrics'!$C$10,D_DN,"Night",D_Conf,TRUE())/COUNTIFS(D_Month,'Monthly metrics'!$C$10,D_DN,"Night") -> 0.39009557
H33: Material changes per day | I33: ='Monthly metrics'!$S$10 -> 3.24 | J33: =MIN('Monthly metrics'!$S$8:$S$10) -> 3.24 | K33: =MAX('Monthly metrics'!$S$8:$S$10) -> 4.2903226 | L33: ='Monthly metrics'!$S$11 -> 3.9186047 | M33: Not relevant | N33: Not relevant
H34: Mean materiality score | I34: ='Monthly metrics'!$T$10 -> 0.2695333 | J34: =MIN('Monthly metrics'!$T$8:$T$10) -> 0.2142379 | K34: =MAX('Monthly metrics'!$T$8:$T$10) -> 0.2695333 | L34: ='Monthly metrics'!$T$11 -> 0.23689843 | M34: =AVERAGEIFS(D_Score,D_Month,'Monthly metrics'!$C$10,D_DN,"Day") -> 0.25101698 | N34: =AVERAGEIFS(D_Score,D_Month,'Monthly metrics'!$C$10,D_DN,"Night") -> 0.28743831
H35: Max |Z| | I35: ='Monthly metrics'!$V$10 -> 4.2485292 | J35: =MIN('Monthly metrics'!$V$8:$V$10) -> 4.2485292 | K35: =MAX('Monthly metrics'!$V$8:$V$10) -> 4.2485292 | L35: ='Monthly metrics'!$V$11 -> 4.2485292 | M35: =_xlfn.MAXIFS(D_AbsZ,D_Month,'Monthly metrics'!$C$10,D_DN,"Day") -> 3.2557099 | N35: =_xlfn.MAXIFS(D_AbsZ,D_Month,'Monthly metrics'!$C$10,D_DN,"Night") -> 4.2485292
H36: Data gap hours | I36: ='Monthly metrics'!$X$10 -> 40.353889 | J36: =MIN('Monthly metrics'!$X$8:$X$10) -> 40.353889 | K36: =MAX('Monthly metrics'!$X$8:$X$10) -> 60.713889 | L36: ='Monthly metrics'!$X$11 -> 155.89056 | M36: Not relevant | N36: Not relevant
H38: * Best = lowest month, Worst = highest month for each measure (for Mean/Min/Max value: simply the lowest and highest month).
H39: * Max |Z| is capped at 4.25 with a 20-reading rolling window ((W−1)/√W), so it is the same in every month; use Extreme share and the events instead.
H40: * Settings: Rolling Mean/Std, Window 20, K_E 2.0, K_P 1.0, N_P 3, N_M 7, K_M 1.2, N_EXIT 1, ROC h 1, ROC window 20, ROC_K 2.0, frequency 10 / min 2.
B42: Readings against the normal range
B43: Grey band = normal range (moving average ± 2σ). Dots outside it are Extreme readings: orange = upper, blue = lower.
B68: Events in this month
B69: View all events
B70: * Sorted by materiality score (highest first). Action: Investigate = Confirmed shift, Review = Persistent, Monitor = shorter events. Click the Action to see the readings.
B72: Start | D72: End | F72: Duration (h) | H72: Highest state | I72: Direction | J72: Peak value | K72: Max |Z| | L72: Mean |Z| | M72: Max materiality | N72: Day/Night | O72: Action
B73: 46069.375 | D73: 46069.469 | F73: 2.5041667 | H73: Confirmed/Materialized Shift | I73: upper | J73: 74.0714 | K73: 2.9240383 | L73: 1.8502528 | M73: 0.6851 | N73: Day | O73: Investigate
B74: 46059.344 | D74: 46059.572 | F74: 5.7238889 | H74: Confirmed/Materialized Shift | I74: upper | J74: 72.6584 | K74: 2.9638579 | L74: 2.0693965 | M74: 0.6833 | N74: Day | O74: Investigate
B75: 46072.707 | D75: 46072.779 | F75: 2.0002778 | H75: Confirmed/Materialized Shift | I75: lower | J75: 72.3758 | K75: 2.9459088 | L75: 2.2399088 | M75: 0.6698 | N75: Day | O75: Investigate
B76: 46064.383 | D76: 46064.517 | F76: 3.4838889 | H76: Confirmed/Materialized Shift | I76: upper | J76: 73.2236 | K76: 2.9880925 | L76: 2.0245075 | M76: 0.6665 | N76: Day | O76: Investigate
B77: 46075.03 | D77: 46075.309 | F77: 6.9641667 | H77: Confirmed/Materialized Shift | I77: lower | J77: 72.941 | K77: 4.2485292 | L77: 1.8999209 | M77: 0.6533 | N77: Night | O77: Investigate
B78: 46058.792 | D78: 46059.03 | F78: 5.9586111 | H78: Confirmed/Materialized Shift | I78: lower | J78: 67.2944 | K78: 2.7879611 | L78: 1.8903883 | M78: 0.6392 | N78: Night | O78: Investigate
B79: 46065.388 | D79: 46065.533 | F79: 3.7263889 | H79: Confirmed/Materialized Shift | I79: upper | J79: 73.5062 | K79: 2.9369361 | L79: 2.0187759 | M79: 0.6388 | N79: Day | O79: Investigate
B80: 46057.354 | D80: 46057.53 | F80: 4.4816667 | H80: Confirmed/Materialized Shift | I80: upper | J80: 72.095 | K80: 2.9246561 | L80: 2.0631785 | M80: 0.6384 | N80: Day | O80: Investigate
B81: 46067.375 | D81: 46067.489 | F81: 2.9825 | H81: Confirmed/Materialized Shift | I81: upper | J81: 73.5062 | K81: 2.7261704 | L81: 2.0685953 | M81: 0.636 | N81: Day | O81: Investigate
B82: 46068.955 | D82: 46069.101 | F82: 3.7372222 | H82: Confirmed/Materialized Shift | I82: lower | J82: 72.941 | K82: 2.9240383 | L82: 1.9000924 | M82: 0.6354 | N82: Night | O82: Investigate
B83: 46078.334 | D83: 46078.468 | F83: 3.4794444 | H83: Confirmed/Materialized Shift | I83: upper | J83: 72.3758 | K83: 2.5784944 | L83: 2.2424373 | M83: 0.629 | N83: Day | O83: Investigate
B84: 46077.811 | D84: 46078.225 | F84: 10.198056 | H84: Confirmed/Materialized Shift | I84: lower | J84: 67.2944 | K84: 3.1508511 | L84: 1.7285439 | M84: 0.6279 | N84: Night | O84: Investigate
... B137: 46068.297 | D137: 46068.297 | F137: 0.25083333 | H137: Extreme triggered | I137: lower | J137: 72.095 | K137: 2.0244479 | L137: 2.0244479 | M137: 0.1921 | N137: Day | O137: Monitor

Sheet Events
B2: All events
B3: One row per event (from Extreme triggered until Persistence ends), sorted by start time. Derived from the Data tab.
B5: Start | C5: End | D5: Duration (h) | E5: Direction | F5: Peak value | G5: Max |Z| | H5: Mean |Z| (event) | I5: Highest state | J5: Max materiality score | K5: Day/Night at start | L5: Month key | M5: Action | N5: Readings
B6: 45992.758 | C6: 45992.779 | D6: 0.75527778 | E6: lower | F6: 72.095 | G6: 2.5709806 | H6: 2.226829 | I6: Persistent | J6: 0.4351 | K6: Night | L6: 202512 | M6: Review | N6: View readings
B7: 45993.344 | C7: 45993.479 | D7: 3.4794444 | E7: upper | F7: 74.9174 | G7: 3.7830251 | H7: 2.0473129 | I7: Confirmed/Materialized Shift | J7: 0.7019 | K7: Day | L7: 202512 | M7: Investigate | N7: View readings
B8: 45993.79 | C8: 45993.945 | D8: 3.9688889 | E8: upper | F8: 74.0714 | G8: 2.687603 | H8: 1.7012734 | I8: Confirmed/Materialized Shift | J8: 0.5529 | K8: Night | L8: 202512 | M8: Investigate | N8: View readings
B9: 45994.09 | C9: 45994.09 | D9: 0.25083333 | E9: upper | F9: 74.3522 | G9: 3.0733303 | H9: 3.0733303 | I9: Extreme triggered | J9: 0.2906 | K9: Night | L9: 202512 | M9: Monitor | N9: View readings
B10: 45994.111 | C10: 45994.111 | D10: 0.25083333 | E10: upper | F10: 74.3522 | G10: 2.9240383 | H10: 2.9240383 | I10: Extreme triggered | J10: 0.3378 | K10: Night | L10: 202512 | M10: Monitor | N10: View readings
B11: 45994.162 | C11: 45994.173 | D11: 0.50166667 | E11: upper | F11: 74.3522 | G11: 2.3202011 | H11: 2.13478 | I11: Extreme/elevated | J11: 0.3585 | K11: Night | L11: 202512 | M11: Monitor | N11: View readings
B12: 45994.375 | C12: 45994.416 | D12: 1.2383333 | E12: lower | F12: 72.095 | G12: 4.1266192 | H12: 2.7441399 | I12: Persistent | J12: 0.4324 | K12: Day | L12: 202512 | M12: Review | N12: View readings
B13: 45994.79 | C13: 45994.883 | D13: 2.4808333 | E13: upper | F13: 73.7888 | G13: 2.2292129 | H13: 1.6161567 | I13: Confirmed/Materialized Shift | J13: 0.519 | K13: Night | L13: 202512 | M13: Investigate | N13: View readings
B14: 45994.997 | C14: 45995.204 | D14: 5.2247222 | E14: lower | F14: 72.6584 | G14: 2.4712634 | H14: 1.5675807 | I14: Confirmed/Materialized Shift | J14: 0.5389 | K14: Night | L14: 202512 | M14: Investigate | N14: View readings
B15: 45995.297 | C15: 45995.308 | D15: 0.50138889 | E15: lower | F15: 72.095 | G15: 2.1158376 | H15: 1.99461 | I15: Extreme/elevated | J15: 0.2963 | K15: Day | L15: 202512 | M15: Monitor | N15: View readings
B16: 45995.365 | C16: 45995.461 | D16: 2.5597222 | E16: upper | F16: 74.0714 | G16: 2.6216324 | H16: 1.7921224 | I16: Confirmed/Materialized Shift | J16: 0.5504 | K16: Day | L16: 202512 | M16: Investigate | N16: View readings
B17: 45995.676 | C17: 45995.759 | D17: 2.2408333 | E17: lower | F17: 72.095 | G17: 2.7404113 | H17: 2.219319 | I17: Confirmed/Materialized Shift | J17: 0.5588 | K17: Day | L17: 202512 | M17: Investigate | N17: View readings
... B294: 46078.334 | C294: 46078.468 | D294: 3.4794444 | E294: upper | F294: 72.3758 | G294: 2.5784944 | H294: 2.2424373 | I294: Confirmed/Materialized Shift | J294: 0.629 | K294: Day | L294: 202602 | M294: Investigate | N294: View readings

Sheet Daily overview
B2: Daily overview
B3: One row per day with data. All figures are formulas over the Data tab.
B5: Date | C5: Readings | D5: Mean value | E5: Min value | F5: Max value | G5: Extreme readings | H5: Extreme share | I5: Persistent periods | J5: Confirmed shift periods | K5: Abnormal changes | L5: Material changes | M5: Max materiality score
B6: 45992 | C6: =COUNTIF(D_Date,$B6) -> 51 | D6: =AVERAGEIF(D_Date,$B6,D_Value) -> 73.267788 | E6: =_xlfn.MINIFS(D_Value,D_Date,$B6) -> 72.095 | F6: =_xlfn.MAXIFS(D_Value,D_Date,$B6) -> 74.6348 | G6: =COUNTIFS(D_Date,$B6,D_Ext,TRUE()) -> 4 | H6: =G6/C6 -> 0.078431373 | I6: =COUNTIFS(D_Date,$B6,D_State,"Persistent") -> 3 | J6: =COUNTIFS(D_Date,$B6,D_Conf,TRUE()) -> 0 | K6: =COUNTIFS(D_Date,$B6,D_Abn,TRUE()) -> 2 | L6: =COUNTIFS(D_Date,$B6,D_MatChg,TRUE()) -> 1 | M6: =_xlfn.MAXIFS(D_Score,D_Date,$B6) -> 0.4351
B7: 45993 | C7: =COUNTIF(D_Date,$B7) -> 101 | D7: =AVERAGEIF(D_Date,$B7,D_Value) -> 73.480804 | E7: =_xlfn.MINIFS(D_Value,D_Date,$B7) -> 72.095 | F7: =_xlfn.MAXIFS(D_Value,D_Date,$B7) -> 74.9174 | G7: =COUNTIFS(D_Date,$B7,D_Ext,TRUE()) -> 11 | H7: =G7/C7 -> 0.10891089 | I7: =COUNTIFS(D_Date,$B7,D_State,"Persistent") -> 8 | J7: =COUNTIFS(D_Date,$B7,D_Conf,TRUE()) -> 20 | K7: =COUNTIFS(D_Date,$B7,D_Abn,TRUE()) -> 8 | L7: =COUNTIFS(D_Date,$B7,D_MatChg,TRUE()) -> 5 | M7: =_xlfn.MAXIFS(D_Score,D_Date,$B7) -> 0.7019
B8: 45994 | C8: =COUNTIF(D_Date,$B8) -> 101 | D8: =AVERAGEIF(D_Date,$B8,D_Value) -> 73.464194 | E8: =_xlfn.MINIFS(D_Value,D_Date,$B8) -> 72.095 | F8: =_xlfn.MAXIFS(D_Value,D_Date,$B8) -> 74.3522 | G8: =COUNTIFS(D_Date,$B8,D_Ext,TRUE()) -> 9 | H8: =G8/C8 -> 0.089108911 | I8: =COUNTIFS(D_Date,$B8,D_State,"Persistent") -> 7 | J8: =COUNTIFS(D_Date,$B8,D_Conf,TRUE()) -> 4 | K8: =COUNTIFS(D_Date,$B8,D_Abn,TRUE()) -> 8 | L8: =COUNTIFS(D_Date,$B8,D_MatChg,TRUE()) -> 5 | M8: =_xlfn.MAXIFS(D_Score,D_Date,$B8) -> 0.519
B9: 45995 | C9: =COUNTIF(D_Date,$B9) -> 103 | D9: =AVERAGEIF(D_Date,$B9,D_Value) -> 73.242893 | E9: =_xlfn.MINIFS(D_Value,D_Date,$B9) -> 72.095 | F9: =_xlfn.MAXIFS(D_Value,D_Date,$B9) -> 74.0714 | G9: =COUNTIFS(D_Date,$B9,D_Ext,TRUE()) -> 15 | H9: =G9/C9 -> 0.14563107 | I9: =COUNTIFS(D_Date,$B9,D_State,"Persistent") -> 12 | J9: =COUNTIFS(D_Date,$B9,D_Conf,TRUE()) -> 25 | K9: =COUNTIFS(D_Date,$B9,D_Abn,TRUE()) -> 6 | L9: =COUNTIFS(D_Date,$B9,D_MatChg,TRUE()) -> 4 | M9: =_xlfn.MAXIFS(D_Score,D_Date,$B9) -> 0.5588
B10: 45996 | C10: =COUNTIF(D_Date,$B10) -> 103 | D10: =AVERAGEIF(D_Date,$B10,D_Value) -> 73.338852 | E10: =_xlfn.MINIFS(D_Value,D_Date,$B10) -> 72.095 | F10: =_xlfn.MAXIFS(D_Value,D_Date,$B10) -> 74.3522 | G10: =COUNTIFS(D_Date,$B10,D_Ext,TRUE()) -> 15 | H10: =G10/C10 -> 0.14563107 | I10: =COUNTIFS(D_Date,$B10,D_State,"Persistent") -> 15 | J10: =COUNTIFS(D_Date,$B10,D_Conf,TRUE()) -> 18 | K10: =COUNTIFS(D_Date,$B10,D_Abn,TRUE()) -> 10 | L10: =COUNTIFS(D_Date,$B10,D_MatChg,TRUE()) -> 8 | M10: =_xlfn.MAXIFS(D_Score,D_Date,$B10) -> 0.6077
B11: 45997 | C11: =COUNTIF(D_Date,$B11) -> 102 | D11: =AVERAGEIF(D_Date,$B11,D_Value) -> 73.674906 | E11: =_xlfn.MINIFS(D_Value,D_Date,$B11) -> 71.8124 | F11: =_xlfn.MAXIFS(D_Value,D_Date,$B11) -> 75.2 | G11: =COUNTIFS(D_Date,$B11,D_Ext,TRUE()) -> 21 | H11: =G11/C11 -> 0.20588235 | I11: =COUNTIFS(D_Date,$B11,D_State,"Persistent") -> 20 | J11: =COUNTIFS(D_Date,$B11,D_Conf,TRUE()) -> 15 | K11: =COUNTIFS(D_Date,$B11,D_Abn,TRUE()) -> 10 | L11: =COUNTIFS(D_Date,$B11,D_MatChg,TRUE()) -> 7 | M11: =_xlfn.MAXIFS(D_Score,D_Date,$B11) -> 0.628
B12: 45998 | C12: =COUNTIF(D_Date,$B12) -> 100 | D12: =AVERAGEIF(D_Date,$B12,D_Value) -> 74.234318 | E12: =_xlfn.MINIFS(D_Value,D_Date,$B12) -> 71.8124 | F12: =_xlfn.MAXIFS(D_Value,D_Date,$B12) -> 75.4826 | G12: =COUNTIFS(D_Date,$B12,D_Ext,TRUE()) -> 15 | H12: =G12/C12 -> 0.15 | I12: =COUNTIFS(D_Date,$B12,D_State,"Persistent") -> 14 | J12: =COUNTIFS(D_Date,$B12,D_Conf,TRUE()) -> 13 | K12: =COUNTIFS(D_Date,$B12,D_Abn,TRUE()) -> 8 | L12: =COUNTIFS(D_Date,$B12,D_MatChg,TRUE()) -> 5 | M12: =_xlfn.MAXIFS(D_Score,D_Date,$B12) -> 0.6229
B13: 45999 | C13: =COUNTIF(D_Date,$B13) -> 106 | D13: =AVERAGEIF(D_Date,$B13,D_Value) -> 73.964164 | E13: =_xlfn.MINIFS(D_Value,D_Date,$B13) -> 71.8124 | F13: =_xlfn.MAXIFS(D_Value,D_Date,$B13) -> 75.2 | G13: =COUNTIFS(D_Date,$B13,D_Ext,TRUE()) -> 10 | H13: =G13/C13 -> 0.094339623 | I13: =COUNTIFS(D_Date,$B13,D_State,"Persistent") -> 10 | J13: =COUNTIFS(D_Date,$B13,D_Conf,TRUE()) -> 7 | K13: =COUNTIFS(D_Date,$B13,D_Abn,TRUE()) -> 8 | L13: =COUNTIFS(D_Date,$B13,D_MatChg,TRUE()) -> 6 | M13: =_xlfn.MAXIFS(D_Score,D_Date,$B13) -> 0.6195
B14: 46000 | C14: =COUNTIF(D_Date,$B14) -> 99 | D14: =AVERAGEIF(D_Date,$B14,D_Value) -> 73.628945 | E14: =_xlfn.MINIFS(D_Value,D_Date,$B14) -> 73.2236 | F14: =_xlfn.MAXIFS(D_Value,D_Date,$B14) -> 74.0714 | G14: =COUNTIFS(D_Date,$B14,D_Ext,TRUE()) -> 10 | H14: =G14/C14 -> 0.1010101 | I14: =COUNTIFS(D_Date,$B14,D_State,"Persistent") -> 12 | J14: =COUNTIFS(D_Date,$B14,D_Conf,TRUE()) -> 7 | K14: =COUNTIFS(D_Date,$B14,D_Abn,TRUE()) -> 9 | L14: =COUNTIFS(D_Date,$B14,D_MatChg,TRUE()) -> 5 | M14: =_xlfn.MAXIFS(D_Score,D_Date,$B14) -> 0.5526
B15: 46001 | C15: =COUNTIF(D_Date,$B15) -> 102 | D15: =AVERAGEIF(D_Date,$B15,D_Value) -> 73.334476 | E15: =_xlfn.MINIFS(D_Value,D_Date,$B15) -> 72.095 | F15: =_xlfn.MAXIFS(D_Value,D_Date,$B15) -> 74.0714 | G15: =COUNTIFS(D_Date,$B15,D_Ext,TRUE()) -> 16 | H15: =G15/C15 -> 0.15686275 | I15: =COUNTIFS(D_Date,$B15,D_State,"Persistent") -> 16 | J15: =COUNTIFS(D_Date,$B15,D_Conf,TRUE()) -> 17 | K15: =COUNTIFS(D_Date,$B15,D_Abn,TRUE()) -> 7 | L15: =COUNTIFS(D_Date,$B15,D_MatChg,TRUE()) -> 4 | M15: =_xlfn.MAXIFS(D_Score,D_Date,$B15) -> 0.6077
B16: 46002 | C16: =COUNTIF(D_Date,$B16) -> 102 | D16: =AVERAGEIF(D_Date,$B16,D_Value) -> 72.534288 | E16: =_xlfn.MINIFS(D_Value,D_Date,$B16) -> 70.9646 | F16: =_xlfn.MAXIFS(D_Value,D_Date,$B16) -> 74.0714 | G16: =COUNTIFS(D_Date,$B16,D_Ext,TRUE()) -> 15 | H16: =G16/C16 -> 0.14705882 | I16: =COUNTIFS(D_Date,$B16,D_State,"Persistent") -> 13 | J16: =COUNTIFS(D_Date,$B16,D_Conf,TRUE()) -> 32 | K16: =COUNTIFS(D_Date,$B16,D_Abn,TRUE()) -> 8 | L16: =COUNTIFS(D_Date,$B16,D_MatChg,TRUE()) -> 3 | M16: =_xlfn.MAXIFS(D_Score,D_Date,$B16) -> 0.6024
B17: 46003 | C17: =COUNTIF(D_Date,$B17) -> 103 | D17: =AVERAGEIF(D_Date,$B17,D_Value) -> 72.066584 | E17: =_xlfn.MINIFS(D_Value,D_Date,$B17) -> 69.836 | F17: =_xlfn.MAXIFS(D_Value,D_Date,$B17) -> 73.7888 | G17: =COUNTIFS(D_Date,$B17,D_Ext,TRUE()) -> 12 | H17: =G17/C17 -> 0.11650485 | I17: =COUNTIFS(D_Date,$B17,D_State,"Persistent") -> 9 | J17: =COUNTIFS(D_Date,$B17,D_Conf,TRUE()) -> 39 | K17: =COUNTIFS(D_Date,$B17,D_Abn,TRUE()) -> 4 | L17: =COUNTIFS(D_Date,$B17,D_MatChg,TRUE()) -> 2 | M17: =_xlfn.MAXIFS(D_Score,D_Date,$B17) -> 0.6048
... B91: 46078 | C91: =COUNTIF(D_Date,$B91) -> 47 | D91: =AVERAGEIF(D_Date,$B91,D_Value) -> 68.543791 | E91: =_xlfn.MINIFS(D_Value,D_Date,$B91) -> 67.2944 | F91: =_xlfn.MAXIFS(D_Value,D_Date,$B91) -> 72.3758 | G91: =COUNTIFS(D_Date,$B91,D_Ext,TRUE()) -> 13 | H91: =G91/C91 -> 0.27659574 | I91: =COUNTIFS(D_Date,$B91,D_State,"Persistent") -> 4 | J91: =COUNTIFS(D_Date,$B91,D_Conf,TRUE()) -> 31 | K91: =COUNTIFS(D_Date,$B91,D_Abn,TRUE()) -> 4 | L91: =COUNTIFS(D_Date,$B91,D_MatChg,TRUE()) -> 3 | M91: =_xlfn.MAXIFS(D_Score,D_Date,$B91) -> 0.629

Sheet Monthly metrics
B2: Monthly metrics
B3: All figures are formulas over the Data tab. The month tabs and the Summary read from this table.
B5: Reading interval (minutes) | D5: 15.05 | E5: Median spacing of the timestamps in the data (15.05 min). Used to turn readings into hours.
B7: Month | C7: Month key | D7: Readings | E7: Days with data | F7: Mean value | G7: Min value | H7: Max value | I7: Extreme readings | J7: Extreme share | K7: Upper extremes | L7: Lower extremes | M7: Persistent periods | N7: Confirmed shift periods | O7: Sustained deviation (h) | P7: Confirmed share | Q7: Abnormal changes | R7: Material changes | S7: Material changes per day | T7: Mean materiality score | U7: Max materiality score | V7: Max |Z| | W7: Events | X7: Data gap hours | Y7: Rank: extreme share | Z7: Rank: sustained (h) | AA7: Rank: material changes/day | AB7: Rank: mean materiality
B8: Dec 2025 | C8: 202512 | D8: =COUNTIF(D_Month,$C8) -> 3032 | E8: =COUNTIFS('Daily overview'!$B$6:$B$91,">="&DATE(INT($C8/100),MOD($C8,100),1),'Daily overview'!$B$6:$B$91,"<"&DATE(INT($C8/100),MOD($C8,100)+1,1)) -> 31 | F8: =AVERAGEIF(D_Month,$C8,D_Value) -> 73.178845 | G8: =_xlfn.MINIFS(D_Value,D_Month,$C8) -> 67.8596 | H8: =_xlfn.MAXIFS(D_Value,D_Month,$C8) -> 75.4826 | I8: =COUNTIFS(D_Month,$C8,D_Ext,TRUE()) -> 372 | J8: =I8/D8 -> 0.12269129 | K8: =COUNTIFS(D_Month,$C8,D_Dir,"upper") -> 137 | L8: =COUNTIFS(D_Month,$C8,D_Dir,"lower") -> 235 | M8: =COUNTIFS(D_Month,$C8,D_State,"Persistent") -> 370 | N8: =COUNTIFS(D_Month,$C8,D_Conf,TRUE()) -> 570 | O8: =(M8+N8)*$D$5/60 -> 235.78333 | P8: =N8/D8 -> 0.18799472 | Q8: =COUNTIFS(D_Month,$C8,D_Abn,TRUE()) -> 226 | R8: =COUNTIFS(D_Month,$C8,D_MatChg,TRUE()) -> 133 | S8: =R8/E8 -> 4.2903226 | T8: =AVERAGEIF(D_Month,$C8,D_Score) -> 0.2142379 | U8: =_xlfn.MAXIFS(D_Score,D_Month,$C8) -> 0.7019 | V8: =_xlfn.MAXIFS(D_AbsZ,D_Month,$C8) -> 4.2485292 | W8: =COUNTIF(Events!$L:$L,$C8) -> 122 | X8: =SUMIF('Data gaps'!$I:$I,$C8,'Data gaps'!$D:$D) -> 54.822778 | Y8: =RANK(J8,$J$8:$J$10,0) -> 2 | Z8: =RANK(O8,$O$8:$O$10,0) -> 3 | AA8: =RANK(S8,$S$8:$S$10,0) -> 1 | AB8: =RANK(T8,$T$8:$T$10,0) -> 3
B9: Jan 2026 | C9: 202601 | D9: =COUNTIF(D_Month,$C9) -> 2815 | E9: =COUNTIFS('Daily overview'!$B$6:$B$91,">="&DATE(INT($C9/100),MOD($C9,100),1),'Daily overview'!$B$6:$B$91,"<"&DATE(INT($C9/100),MOD($C9,100)+1,1)) -> 30 | F9: =AVERAGEIF(D_Month,$C9,D_Value) -> 72.564037 | G9: =_xlfn.MINIFS(D_Value,D_Month,$C9) -> 66.164 | H9: =_xlfn.MAXIFS(D_Value,D_Month,$C9) -> 75.4826 | I9: =COUNTIFS(D_Month,$C9,D_Ext,TRUE()) -> 342 | J9: =I9/D9 -> 0.12149201 | K9: =COUNTIFS(D_Month,$C9,D_Dir,"upper") -> 171 | L9: =COUNTIFS(D_Month,$C9,D_Dir,"lower") -> 171 | M9: =COUNTIFS(D_Month,$C9,D_State,"Persistent") -> 304 | N9: =COUNTIFS(D_Month,$C9,D_Conf,TRUE()) -> 698 | O9: =(M9+N9)*$D$5/60 -> 251.335 | P9: =N9/D9 -> 0.24795737 | Q9: =COUNTIFS(D_Month,$C9,D_Abn,TRUE()) -> 207 | R9: =COUNTIFS(D_Month,$C9,D_MatChg,TRUE()) -> 123 | S9: =R9/E9 -> 4.1 | T9: =AVERAGEIF(D_Month,$C9,D_Score) -> 0.23505879 | U9: =_xlfn.MAXIFS(D_Score,D_Month,$C9) -> 0.688 | V9: =_xlfn.MAXIFS(D_AbsZ,D_Month,$C9) -> 4.2485292 | W9: =COUNTIF(Events!$L:$L,$C9) -> 102 | X9: =SUMIF('Data gaps'!$I:$I,$C9,'Data gaps'!$D:$D) -> 60.713889 | Y9: =RANK(J9,$J$8:$J$10,0) -> 3 | Z9: =RANK(O9,$O$8:$O$10,0) -> 1 | AA9: =RANK(S9,$S$8:$S$10,0) -> 2 | AB9: =RANK(T9,$T$8:$T$10,0) -> 2
B10: Feb 2026 | C10: 202602 | D10: =COUNTIF(D_Month,$C10) -> 2264 | E10: =COUNTIFS('Daily overview'!$B$6:$B$91,">="&DATE(INT($C10/100),MOD($C10,100),1),'Daily overview'!$B$6:$B$91,"<"&DATE(INT($C10/100),MOD($C10,100)+1,1)) -> 25 | F10: =AVERAGEIF(D_Month,$C10,D_Value) -> 71.634218 | G10: =_xlfn.MINIFS(D_Value,D_Month,$C10) -> 65.0354 | H10: =_xlfn.MAXIFS(D_Value,D_Month,$C10) -> 74.9174 | I10: =COUNTIFS(D_Month,$C10,D_Ext,TRUE()) -> 293 | J10: =I10/D10 -> 0.12941696 | K10: =COUNTIFS(D_Month,$C10,D_Dir,"upper") -> 170 | L10: =COUNTIFS(D_Month,$C10,D_Dir,"lower") -> 123 | M10: =COUNTIFS(D_Month,$C10,D_State,"Persistent") -> 226 | N10: =COUNTIFS(D_Month,$C10,D_Conf,TRUE()) -> 756 | O10: =(M10+N10)*$D$5/60 -> 246.31833 | P10: =N10/D10 -> 0.33392226 | Q10: =COUNTIFS(D_Month,$C10,D_Abn,TRUE()) -> 149 | R10: =COUNTIFS(D_Month,$C10,D_MatChg,TRUE()) -> 81 | S10: =R10/E10 -> 3.24 | T10: =AVERAGEIF(D_Month,$C10,D_Score) -> 0.2695333 | U10: =_xlfn.MAXIFS(D_Score,D_Month,$C10) -> 0.6851 | V10: =_xlfn.MAXIFS(D_AbsZ,D_Month,$C10) -> 4.2485292 | W10: =COUNTIF(Events!$L:$L,$C10) -> 65 | X10: =SUMIF('Data gaps'!$I:$I,$C10,'Data gaps'!$D:$D) -> 40.353889 | Y10: =RANK(J10,$J$8:$J$10,0) -> 1 | Z10: =RANK(O10,$O$8:$O$10,0) -> 2 | AA10: =RANK(S10,$S$8:$S$10,0) -> 3 | AB10: =RANK(T10,$T$8:$T$10,0) -> 1
B11: All | D11: =SUM(D8:D10) -> 8111 | E11: =SUM(E8:E10) -> 86 | F11: =AVERAGE(D_Value) -> 72.534323 | G11: =MIN(G8:G10) -> 65.0354 | H11: =MAX(H8:H10) -> 75.4826 | I11: =SUM(I8:I10) -> 1007 | J11: =I11/D11 -> 0.12415239 | K11: =SUM(K8:K10) -> 478 | L11: =SUM(L8:L10) -> 529 | M11: =SUM(M8:M10) -> 900 | N11: =SUM(N8:N10) -> 2024 | O11: =SUM(O8:O10) -> 733.43667 | P11: =N11/D11 -> 0.24953766 | Q11: =SUM(Q8:Q10) -> 582 | R11: =SUM(R8:R10) -> 337 | S11: =R11/E11 -> 3.9186047 | T11: =AVERAGE(D_Score) -> 0.23689843 | U11: =MAX(U8:U10) -> 0.7019 | V11: =MAX(V8:V10) -> 4.2485292 | W11: =SUM(W8:W10) -> 289 | X11: =SUM(X8:X10) -> 155.89056
B13: Rank 1 = the month with the most issues for that measure. Gap hours are assigned to the month in which the gap starts.

Sheet Column descriptor
B2: Column descriptor: Jensen_Beach_Results_Analysis
B3: Meaning of every column in the results file (Data tab) and the parameters that drive it. Full detail: Statistical calc parameters manual.
B5: Column | C5: Data tab column | D5: Meaning | E5: Driven by | F5: Step
B6: Timestamp | C6: A | D6: Time of the reading | E6: — | F6: Input
B7: Value | C7: B | D7: The reading (°F) | E7: — | F7: Input
B8: AbnormalChangeFlag | C8: C | D8: Unusually fast change: |ROC_ZScore| ≥ ROC_K | E8: ROC_K | F8: Change
B9: ConfirmedShiftFlag | C9: D | D9: Reading is in a Confirmed/Materialized Shift | E9: N_M, K_M | F9: Materiality
B10: DeltaLower | C10: E | D10: LowerLimit − Value (positive = below the band) | E10: limits | F10: Extreme
B11: DeltaLower_pct | C11: F | D11: DeltaLower as % of LowerLimit | E11: limits | F11: Extreme
B12: DeltaUpper | C12: G | D12: Value − UpperLimit (positive = above the band) | E12: limits | F12: Extreme
B13: DeltaUpper_pct | C13: H | D13: DeltaUpper as % of UpperLimit | E13: limits | F13: Extreme
B14: DeltaX | C14: I | D14: Change from the previous reading | E14: — | F14: Change
B15: EventEndTime | C15: J | D15: End of the event this reading belongs to | E15: K_P, N_EXIT | F15: Persistence
B16: EventStartTime | C16: K | D16: Start of the event this reading belongs to | E16: K_E | F16: Persistence
... B38: AbsZ | C38: AG | D38: Helper added in this report: |ZScore| (the three helper columns are stored as values) | E38: — | F38: Report
B41: Settings used for this run (inferred from the results)
B42: Parameter | C42: Value | D42: How we know
B43: Method | C43: Rolling Mean/Std (Bollinger) | D43: MovingAverage equals the 20-reading rolling mean
B44: Window (W) | C44: 20 | D44: as above
B45: K_E | C45: 2 | D45: smallest flagged |Z| = 2.001
B46: ROC_K | C46: 2 | D46: smallest flagged |ROC_ZScore| = 2.002
B47: K_P / N_P / N_M / K_M / N_EXIT | C47: 1.0 / 3 / 7 / 1.2 / 1 | D47: app defaults
B48: ROC h / Frequency window / Min recurrences | C48: 1 / 10 / 2 | D48: app defaults
B49: Weights (magnitude / duration / frequency) | C49: 0.4 / 0.4 / 0.2 | D49: app defaults

Sheet Data
A1: Timestamp | B1: Value | C1: AbnormalChangeFlag | D1: ConfirmedShiftFlag | E1: DeltaLower | F1: DeltaLower_pct | G1: DeltaUpper | H1: DeltaUpper_pct | I1: DeltaX | J1: EventEndTime | K1: EventStartTime | L1: ExtremeDirection | M1: ExtremeFlag | N1: FrequencyCount | O1: LowerLimit | P1: MaterialChangeFlag | Q1: MaterialExtremeFlag | R1: MaterialityScore | S1: MeanZ_event | T1: MovingAverage | U1: PersistenceCount | V1: ROC | W1: ROC_MeanBaseline | X1: ROC_StdDev | Y1: ROC_ZScore | Z1: RollingStdDev | AA1: State | AB1: UpperLimit | AC1: ZScore | AD1: Day/Night | AE1: MonthKey | AF1: Date | AG1: AbsZ
A2: 45992.489 | B2: 72.3758 | C2: =FALSE() -> FALSE | D2: =FALSE() -> FALSE | L2: none | M2: =FALSE() -> FALSE | N2: 0 | P2: =FALSE() -> FALSE | Q2: =FALSE() -> FALSE | R2: 0 | U2: 0 | AA2: Normal | AD2: Day | AE2: 202512 | AF2: 45992
A3: 45992.499 | B3: 72.095 | C3: =FALSE() -> FALSE | D3: =FALSE() -> FALSE | E3: -0.25671117 | F3: -0.35734588 | G3: -0.53751117 | H3: -0.74004211 | I3: -0.2808 | L3: none | M3: =FALSE() -> FALSE | N3: 0 | O3: 71.838289 | P3: =FALSE() -> FALSE | Q3: =FALSE() -> FALSE | R3: 0.0471 | T3: 72.2354 | U3: 0 | V3: -0.2808 | Z3: 0.19855558 | AA3: Normal | AB3: 72.632511 | AC3: -0.70710678 | AD3: Day | AE3: 202512 | AF3: 45992 | AG3: 0.70710678
A4: 45992.51 | B4: 72.095 | C4: =FALSE() -> FALSE | D4: =FALSE() -> FALSE | E4: -0.23063991 | F4: -0.32093782 | G4: -0.41783991 | H4: -0.57622886 | I4: 0 | L4: none | M4: =FALSE() -> FALSE | N4: 0 | O4: 71.86436 | P4: =FALSE() -> FALSE | Q4: =FALSE() -> FALSE | R4: 0.0385 | T4: 72.1886 | U4: 0 | V4: 0 | W4: -0.1404 | X4: 0.19855558 | Y4: 0.70710678 | Z4: 0.16211996 | AA4: Normal | AB4: 72.51284 | AC4: -0.57735027 | AD4: Day | AE4: 202512 | AF4: 45992 | AG4: 0.57735027
A5: 45992.52 | B5: 72.3758 | C5: =FALSE() -> FALSE | D5: =FALSE() -> FALSE | E5: -0.46463991 | F5: -0.64613046 | G5: -0.18383991 | H5: -0.25336387 | I5: 0.2808 | L5: none | M5: =FALSE() -> FALSE | N5: 0 | O5: 71.91116 | P5: =FALSE() -> FALSE | Q5: =FALSE() -> FALSE | R5: 0.0577 | T5: 72.2354 | U5: 0 | V5: 0.2808 | W5: 0 | X5: 0.2808 | Y5: 1 | Z5: 0.16211996 | AA5: Normal | AB5: 72.55964 | AC5: 0.8660254 | AD5: Day | AE5: 202512 | AF5: 45992 | AG5: 0.8660254
A6: 45992.53 | B6: 72.6584 | C6: =FALSE() -> FALSE | D6: =FALSE() -> FALSE | E6: -0.8095601 | F6: -1.1267546 | G6: -0.1327601 | H6: -0.18238492 | I6: 0.2826 | L6: none | M6: =FALSE() -> FALSE | N6: 0 | O6: 71.84884 | P6: =FALSE() -> FALSE | Q6: =FALSE() -> FALSE | R6: 0.0958 | T6: 72.32 | U6: 0 | V6: 0.2826 | W6: 0.07065 | X6: 0.26931664 | Y6: 0.78699186 | Z6: 0.23558005 | AA6: Normal | AB6: 72.79116 | AC6: 1.4364544 | AD6: Day | AE6: 202512 | AF6: 45992 | AG6: 1.4364544
A7: 45992.541 | B7: 72.3758 | C7: =FALSE() -> FALSE | D7: =FALSE() -> FALSE | E7: -0.47037408 | F7: -0.65415658 | G7: -0.37737408 | H7: -0.51870462 | I7: -0.2826 | L7: none | M7: =FALSE() -> FALSE | N7: 0 | O7: 71.905426 | P7: =FALSE() -> FALSE | Q7: =FALSE() -> FALSE | R7: 0.0146 | T7: 72.3293 | U7: 0 | V7: -0.2826 | W7: 0 | X7: 0.28170144 | Y7: -1.0031898 | Z7: 0.21193704 | AA7: Normal | AB7: 72.753174 | AC7: 0.21940478 | AD7: Day | AE7: 202512 | AF7: 45992 | AG7: 0.21940478
A8: 45992.551 | B8: 72.6584 | C8: =FALSE() -> FALSE | D8: =FALSE() -> FALSE | E8: -0.74210089 | F8: -1.0318953 | G8: -0.17792947 | H8: -0.2442867 | I8: 0.2826 | L8: none | M8: =FALSE() -> FALSE | N8: 0 | O8: 71.916299 | P8: =FALSE() -> FALSE | Q8: =FALSE() -> FALSE | R8: 0.0818 | T8: 72.376314 | U8: 0 | V8: 0.2826 | W8: 0.0471 | X8: 0.27711914 | Y8: 0.84981498 | Z8: 0.23000759 | AA8: Normal | AB8: 72.836329 | AC8: 1.2264192 | AD8: Day | AE8: 202512 | AF8: 45992 | AG8: 1.2264192
A9: 45992.562 | B9: 72.6584 | C9: =FALSE() -> FALSE | D9: =FALSE() -> FALSE | E9: -0.71711169 | F9: -0.9968013 | G9: -0.22346169 | H9: -0.3066081 | I9: 0 | L9: none | M9: =FALSE() -> FALSE | N9: 0 | O9: 71.941288 | P9: =FALSE() -> FALSE | Q9: =FALSE() -> FALSE | R9: 0.07 | T9: 72.411575 | U9: 0 | V9: 0 | W9: 0.040371429 | X9: 0.25359962 | Y9: -0.15919357 | Z9: 0.23514335 | AA9: Normal | AB9: 72.881862 | AC9: 1.0496789 | AD9: Day | AE9: 202512 | AF9: 45992 | AG9: 1.0496789
A10: 45992.572 | B10: 72.6584 | C10: =FALSE() -> FALSE | D10: =FALSE() -> FALSE | E10: -0.68908083 | F10: -0.9574647 | G10: -0.25028083 | H10: -0.34327987 | I10: 0 | L10: none | M10: =FALSE() -> FALSE | N10: 0 | O10: 71.969319 | P10: =FALSE() -> FALSE | Q10: =FALSE() -> FALSE | R10: 0.0623 | T10: 72.439 | U10: 0 | V10: 0 | W10: 0.035325 | X10: 0.23522109 | Y10: -0.15017786 | Z10: 0.23484041 | AA10: Normal | AB10: 72.908681 | AC10: 0.93425146 | AD10: Day | AE10: 202512 | AF10: 45992 | AG10: 0.93425146
A11: 45992.582 | B11: 72.941 | C11: =FALSE() -> FALSE | D11: =FALSE() -> FALSE | E11: -0.99667665 | F11: -1.3853444 | G11: -0.093076647 | H11: -0.12744276 | I11: 0.2826 | L11: none | M11: =FALSE() -> FALSE | N11: 0 | O11: 71.944323 | P11: =FALSE() -> FALSE | Q11: =FALSE() -> FALSE | R11: 0.1106 | T11: 72.4892 | U11: 0 | V11: 0.2826 | W11: 0.0628 | X11: 0.2349611 | Y11: 0.93547399 | Z11: 0.27243832 | AA11: Normal | AB11: 73.034077 | AC11: 1.658357 | AD11: Day | AE11: 202512 | AF11: 45992 | AG11: 1.658357
A12: 45992.593 | B12: 72.941 | C12: =FALSE() -> FALSE | D12: =FALSE() -> FALSE | E12: -0.9950458 | F12: -1.3830462 | G12: -0.17359125 | H12: -0.23742354 | I12: 0 | L12: none | M12: =FALSE() -> FALSE | N12: 0 | O12: 71.945954 | P12: =FALSE() -> FALSE | Q12: =FALSE() -> FALSE | R12: 0.0937 | T12: 72.530273 | U12: 0 | V12: 0 | W12: 0.05652 | X12: 0.22241183 | Y12: -0.25412317 | Z12: 0.29215926 | AA12: Normal | AB12: 73.114591 | AC12: 1.4058335 | AD12: Day | AE12: 202512 | AF12: 45992 | AG12: 1.4058335
A13: 45992.603 | B13: 72.941 | C13: =FALSE() -> FALSE | D13: =FALSE() -> FALSE | E13: -0.98199279 | F13: -1.3646558 | G13: -0.22899279 | H13: -0.31295997 | I13: 0 | L13: none | M13: =FALSE() -> FALSE | N13: 0 | O13: 71.959007 | P13: =FALSE() -> FALSE | Q13: =FALSE() -> FALSE | R13: 0.0829 | T13: 72.5645 | U13: 0 | V13: 0 | W13: 0.051381818 | X13: 0.21168545 | Y13: -0.2427272 | Z13: 0.30274639 | AA13: Normal | AB13: 73.169993 | AC13: 1.2436151 | AD13: Day | AE13: 202512 | AF13: 45992 | AG13: 1.2436151
A14: 45992.613 | B14: 72.941 | C14: =FALSE() -> FALSE | D14: =FALSE() -> FALSE | E14: -0.96372496 | F14: -1.3389295 | G14: -0.26864803 | H14: -0.36695714 | I14: 0 | L14: none | M14: =FALSE() -> FALSE | N14: 0 | O14: 71.977275 | P14: =FALSE() -> FALSE | Q14: =FALSE() -> FALSE | R14: 0.0752 | T14: 72.593462 | U14: 0 | V14: 0 | W14: 0.0471 | X14: 0.20237845 | Y14: -0.23273229 | Z14: 0.30809325 | AA14: Normal | AB14: 73.209648 | AC14: 1.1280301 | AD14: Day | AE14: 202512 | AF14: 45992 | AG14: 1.1280301
A15: 45992.624 | B15: 73.2236 | C15: =FALSE() -> FALSE | D15: =FALSE() -> FALSE | E15: -1.2662519 | F15: -1.7597257 | G15: -0.095994801 | H15: -0.13092653 | I15: 0.2826 | L15: none | M15: =FALSE() -> FALSE | N15: 0 | O15: 71.957348 | P15: =FALSE() -> FALSE | Q15: =FALSE() -> FALSE | R15: 0.1145 | T15: 72.638471 | U15: 0 | V15: 0.2826 | W15: 0.065215385 | X15: 0.20447524 | Y15: 1.0631342 | Z15: 0.34056169 | AA15: Normal | AB15: 73.319595 | AC15: 1.718128 | AD15: Day | AE15: 202512 | AF15: 45992 | AG15: 1.718128
... A26: 45992.737 | B26: 72.941 | C26: =FALSE() -> FALSE | D26: =FALSE() -> FALSE | E26: -0.45342697 | F26: -0.62552373 | G26: -0.50994697 | H26: -0.69426874 | I26: 0 | L26: none | M26: =FALSE() -> FALSE | N26: 0 | O26: 72.487573 | P26: =FALSE() -> FALSE | Q26: =FALSE() -> FALSE | R26: 0.0078 | T26: 72.96926 | U26: 0 | V26: 0 | W26: 0.01413 | X26: 0.14424407 | Y26: -0.097958969 | Z26: 0.24084348 | AA26: Normal | AB26: 73.450947 | AC26: -0.11733762 | AD26: Night | AE26: 202512 | AF26: 45992 | AG26: 0.11733762
A27: 45992.748 | B27: 72.6584 | C27: =TRUE() -> TRUE | D27: =FALSE() -> FALSE | E27: -0.09617433 | F27: -0.13254049 | G27: -0.74615433 | H27: -1.016496 | I27: -0.2826 | L27: none | M27: =FALSE() -> FALSE | N27: 1 | O27: 72.562226 | P27: =FALSE() -> FALSE | Q27: =FALSE() -> FALSE | R27: 0.1315 | T27: 72.98339 | U27: 0 | V27: -0.2826 | W27: 0.01413 | X27: 0.14424407 | Y27: -2.0571383 | Z27: 0.21058217 | AA27: Normal | AB27: 73.404554 | AC27: -1.5432931 | AD27: Night | AE27: 202512 | AF27: 45992 | AG27: 1.5432931
A28: 45992.758 | B28: 72.3758 | C28: =FALSE() -> FALSE | D28: =FALSE() -> FALSE | E28: 0.11177303 | F28: 0.15419613 | G28: -1.075147 | H28: -1.4637619 | I28: -0.2826 | J28: 45992.79 | K28: 45992.758 | L28: lower | M28: =TRUE() -> TRUE | N28: 1 | O28: 72.487573 | P28: =FALSE() -> FALSE | Q28: =FALSE() -> FALSE | R28: 0.25 | S28: 2.4640899 | T28: 72.96926 | U28: 1 | V28: -0.2826 | W28: -0.01413 | X28: 0.14424407 | Y28: -1.8612204 | Z28: 0.24084348 | AA28: Extreme triggered | AB28: 73.450947 | AC28: -2.4640899 | AD28: Night | AE28: 202512 | AF28: 45992 | AG28: 2.4640899
A29: 45992.769 | B29: 72.3758 | C29: =FALSE() -> FALSE | D29: =FALSE() -> FALSE | E29: 0.045491116 | F29: 0.062814561 | G29: -1.1131689 | H29: -1.5147428 | I29: 0 | K29: 45992.758 | L29: lower | M29: =TRUE() -> TRUE | N29: 1 | O29: 72.421291 | P29: =FALSE() -> FALSE | Q29: =FALSE() -> FALSE | R29: 0.2876 | S29: 2.31726 | T29: 72.95513 | U29: 2 | V29: 0 | W29: -0.01413 | X29: 0.14424407 | Y29: 0.097958969 | Z29: 0.26691944 | AA29: Extreme/elevated | AB29: 73.488969 | AC29: -2.1704301 | AD29: Night | AE29: 202512 | AF29: 45992 | AG29: 2.1704301
A30: 45992.779 | B30: 72.095 | C30: =FALSE() -> FALSE | D30: =FALSE() -> FALSE | E30: 0.18476724 | F30: 0.25562788 | G30: -1.4791528 | H30: -2.0104245 | I30: -0.2808 | K30: 45992.758 | L30: lower | M30: =TRUE() -> TRUE | N30: 1 | O30: 72.279767 | P30: =FALSE() -> FALSE | Q30: =TRUE() -> TRUE | R30: 0.3714 | S30: 2.4018335 | T30: 72.92696 | U30: 3 | V30: -0.2808 | W30: -0.02817 | X30: 0.15598439 | Y30: -1.6195852 | Z30: 0.32359638 | AA30: Persistent | AB30: 73.574153 | AC30: -2.5709806 | AD30: Night | AE30: 202512 | AF30: 45992 | AG30: 2.5709806
A31: 45992.779 | B31: 72.095 | C31: =FALSE() -> FALSE | D31: =FALSE() -> FALSE | E31: 0.043335357 | F31: 0.060072576 | G31: -1.5359846 | H31: -2.0860575 | I31: 0 | K31: 45992.758 | L31: lower | M31: =TRUE() -> TRUE | N31: 1 | O31: 72.138335 | P31: =FALSE() -> FALSE | Q31: =TRUE() -> TRUE | R31: 0.3982 | S31: 2.3304077 | T31: 72.88466 | U31: 4 | V31: 0 | W31: -0.0423 | X31: 0.13812921 | Y31: 0.30623502 | Z31: 0.37316232 | AA31: Persistent | AB31: 73.630985 | AC31: -2.11613 | AD31: Night | AE31: 202512 | AF31: 45992 | AG31: 2.11613
A32: 45992.779 | B32: 72.095 | C32: =FALSE() -> FALSE | D32: =FALSE() -> FALSE | E32: -0.077306461 | F32: -0.10734371 | G32: -1.5720265 | H32: -2.1339621 | I32: 0 | K32: 45992.758 | L32: none | M32: =FALSE() -> FALSE | N32: 1 | O32: 72.017694 | P32: =FALSE() -> FALSE | Q32: =FALSE() -> FALSE | R32: 0.4351 | S32: 2.226829 | T32: 72.84236 | U32: 5 | V32: 0 | W32: -0.0423 | X32: 0.13812921 | Y32: 0.30623502 | Z32: 0.41233323 | AA32: Persistent | AB32: 73.667026 | AC32: -1.8125146 | AD32: Night | AE32: 202512 | AF32: 45992 | AG32: 1.8125146
A33: 45992.79 | B33: 73.2236 | C33: =TRUE() -> TRUE | D33: =FALSE() -> FALSE | E33: -1.2084093 | F33: -1.6779922 | G33: -0.47418926 | H33: -0.643424 | I33: 1.1286 | L33: none | M33: =FALSE() -> FALSE | N33: 2 | O33: 72.015191 | P33: =TRUE() -> TRUE | Q33: =FALSE() -> FALSE | R33: 0.1153 | T33: 72.85649 | U33: 0 | V33: 1.1286 | W33: 0.01413 | X33: 0.29629684 | Y33: 3.7613294 | Z33: 0.42064963 | AA33: Persistence ends | AB33: 73.697789 | AC33: 0.87272156 | AD33: Night | AE33: 202512 | AF33: 45992 | AG33: 0.87272156
A34: 45992.8 | B34: 73.5062 | C34: =FALSE() -> FALSE | D34: =FALSE() -> FALSE | E34: -1.5112737 | F34: -2.0991392 | G34: -0.26837372 | H34: -0.36377536 | I34: 0.2826 | L34: none | M34: =FALSE() -> FALSE | N34: 2 | O34: 71.994926 | P34: =FALSE() -> FALSE | Q34: =FALSE() -> FALSE | R34: 0.1503 | T34: 72.88475 | U34: 0 | V34: 0.2826 | W34: 0.02826 | X34: 0.30226582 | Y34: 0.8414448 | Z34: 0.44491186 | AA34: Normal | AB34: 73.774574 | AC34: 1.3967935 | AD34: Night | AE34: 202512 | AF34: 45992 | AG34: 1.3967935
A35: 45992.811 | B35: 73.7888 | C35: =FALSE() -> FALSE | D35: =FALSE() -> FALSE | E35: -1.843424 | F35: -2.5622551 | G35: -0.091844037 | H35: -0.12431407 | I35: 0.2826 | L35: none | M35: =FALSE() -> FALSE | N35: 2 | O35: 71.945376 | P35: =FALSE() -> FALSE | Q35: =FALSE() -> FALSE | R35: 0.1778 | T35: 72.91301 | U35: 0 | V35: 0.2826 | W35: 0.02826 | X35: 0.30226582 | Y35: 0.8414448 | Z35: 0.48381702 | AA35: Normal | AB35: 73.880644 | AC35: 1.8101678 | AD35: Night | AE35: 202512 | AF35: 45992 | AG35: 1.8101678
A36: 45992.82 | B36: 73.7888 | C36: =FALSE() -> FALSE | D36: =FALSE() -> FALSE | E36: -1.8839275 | F36: -2.6200276 | G36: -0.18886747 | H36: -0.25530336 | I36: 0 | L36: none | M36: =FALSE() -> FALSE | N36: 2 | O36: 71.904873 | P36: =FALSE() -> FALSE | Q36: =FALSE() -> FALSE | R36: 0.1662 | T36: 72.94127 | U36: 0 | V36: 0 | W36: 0.02826 | X36: 0.30226582 | Y36: -0.093493867 | Z36: 0.51819874 | AA36: Normal | AB36: 73.977667 | AC36: 1.6355308 | AD36: Night | AE36: 202512 | AF36: 45992 | AG36: 1.6355308
A37: 45992.831 | B37: 73.7888 | C37: =FALSE() -> FALSE | D37: =FALSE() -> FALSE | E37: -1.9170853 | F37: -2.6673711 | G37: -0.27854534 | H37: -0.37607037 | I37: 0 | L37: none | M37: =FALSE() -> FALSE | N37: 1 | O37: 71.871715 | P37: =FALSE() -> FALSE | Q37: =FALSE() -> FALSE | R37: 0.1281 | T37: 72.96953 | U37: 0 | V37: 0 | W37: 0.02826 | X37: 0.30226582 | Y37: -0.093493867 | Z37: 0.54890767 | AA37: Normal | AB37: 74.067345 | AC37: 1.4925461 | AD37: Night | AE37: 202512 | AF37: 45992 | AG37: 1.4925461
A38: 45992.841 | B38: 73.7888 | C38: =FALSE() -> FALSE | D38: =FALSE() -> FALSE | E38: -1.944072 | F38: -2.7059355 | G38: -0.36205203 | H38: -0.48826415 | I38: 0 | L38: none | M38: =FALSE() -> FALSE | N38: 1 | O38: 71.844728 | P38: =FALSE() -> FALSE | Q38: =FALSE() -> FALSE | R38: 0.12 | T38: 72.99779 | U38: 0 | V38: 0 | W38: 0.02826 | X38: 0.30226582 | Y38: -0.093493867 | Z38: 0.57653101 | AA38: Normal | AB38: 74.150852 | AC38: 1.3720164 | AD38: Night | AE38: 202512 | AF38: 45992 | AG38: 1.3720164
A39: 45992.852 | B39: 74.0714 | C39: =FALSE() -> FALSE | D39: =FALSE() -> FALSE | E39: -2.2777801 | F39: -3.1726776 | G39: -0.21534009 | H39: -0.28987688 | I39: 0.2826 | L39: none | M39: =FALSE() -> FALSE | N39: 1 | O39: 71.79362 | P39: =FALSE() -> FALSE | Q39: =FALSE() -> FALSE | R39: 0.1389 | T39: 73.04018 | U39: 0 | V39: 0.2826 | W39: 0.04239 | X39: 0.30743634 | Y39: 0.7813325 | Z39: 0.62328004 | AA39: Normal | AB39: 74.28674 | AC39: 1.6545051 | AD39: Night | AE39: 202512 | AF39: 45992 | AG39: 1.6545051
A40: 45992.862 | B40: 74.0714 | C40: =FALSE() -> FALSE | D40: =FALSE() -> FALSE | E40: -2.3166629 | F40: -3.2285853 | G40: -0.33900288 | H40: -0.45558533 | I40: 0 | L40: none | M40: =FALSE() -> FALSE | N40: 1 | O40: 71.754737 | P40: =FALSE() -> FALSE | Q40: =FALSE() -> FALSE | R40: 0.1279 | T40: 73.08257 | U40: 0 | V40: 0 | W40: 0.04239 | X40: 0.30743634 | Y40: -0.13788221 | Z40: 0.66391644 | AA40: Normal | AB40: 74.410403 | AC40: 1.4893892 | AD40: Night | AE40: 202512 | AF40: 45992 | AG40: 1.4893892
A41: 45992.872 | B41: 74.0714 | C41: =FALSE() -> FALSE | D41: =FALSE() -> FALSE | E41: -2.3454526 | F41: -3.2700198 | G41: -0.45257265 | H41: -0.60728465 | I41: 0 | L41: none | M41: =FALSE() -> FALSE | N41: 1 | O41: 71.725947 | P41: =FALSE() -> FALSE | Q41: =FALSE() -> FALSE | R41: 0.1188 | T41: 73.12496 | U41: 0 | V41: 0 | W41: 0.04239 | X41: 0.30743634 | Y41: -0.13788221 | Z41: 0.69950632 | AA41: Normal | AB41: 74.523973 | AC41: 1.3530114 | AD41: Night | AE41: 202512 | AF41: 45992 | AG41: 1.3530114
A42: 45992.883 | B42: 74.0714 | C42: =FALSE() -> FALSE | D42: =FALSE() -> FALSE | E42: -2.3477403 | F42: -3.2733136 | G42: -0.56790029 | H42: -0.76085962 | I42: 0 | L42: none | M42: =FALSE() -> FALSE | N42: 1 | O42: 71.72366 | P42: =FALSE() -> FALSE | Q42: =FALSE() -> FALSE | R42: 0.11 | T42: 73.18148 | U42: 0 | V42: 0 | W42: 0.05652 | X42: 0.29806483 | Y42: -0.18962318 | Z42: 0.72891015 | AA42: Normal | AB42: 74.6393 | AC42: 1.2208912 | AD42: Night | AE42: 202512 | AF42: 45992 | AG42: 1.2208912
A43: 45992.893 | B43: 74.0714 | C43: =FALSE() -> FALSE | D43: =FALSE() -> FALSE | E43: -2.3388376 | F43: -3.2604964 | G43: -0.67203764 | H43: -0.89912594 | I43: 0 | L43: none | M43: =FALSE() -> FALSE | N43: 0 | O43: 71.732562 | P43: =FALSE() -> FALSE | Q43: =FALSE() -> FALSE | R43: 0.0738 | T43: 73.238 | U43: 0 | V43: 0 | W43: 0.05652 | X43: 0.29806483 | Y43: -0.18962318 | Z43: 0.75271882 | AA43: Normal | AB43: 74.743438 | AC43: 1.1071863 | AD43: Night | AE43: 202512 | AF43: 45992 | AG43: 1.1071863
A44: 45992.903 | B44: 74.3522 | C44: =FALSE() -> FALSE | D44: =FALSE() -> FALSE | E44: -2.6210319 | F44: -3.6539652 | G44: -0.53375193 | H44: -0.71275308 | I44: 0.2808 | L44: none | M44: =FALSE() -> FALSE | N44: 0 | O44: 71.731168 | P44: =FALSE() -> FALSE | Q44: =FALSE() -> FALSE | R44: 0.0882 | T44: 73.30856 | U44: 0 | V44: 0.2808 | W44: 0.07056 | X44: 0.30185172 | Y44: 0.69650092 | Z44: 0.78869596 | AA44: Normal | AB44: 74.885952 | AC44: 1.3232475 | AD44: Night | AE44: 202512 | AF44: 45992 | AG44: 1.3232475
A45: 45992.914 | B45: 74.3522 | C45: =FALSE() -> FALSE | D45: =FALSE() -> FALSE | E45: -2.6065004 | F45: -3.6329709 | G45: -0.66034037 | H45: -0.88030663 | I45: 0 | L45: none | M45: =FALSE() -> FALSE | N45: 0 | O45: 71.7457 | P45: =FALSE() -> FALSE | Q45: =FALSE() -> FALSE | R45: 0.0794 | T45: 73.37912 | U45: 0 | V45: 0 | W45: 0.07056 | X45: 0.30185172 | Y45: -0.23375716 | Z45: 0.81671018 | AA45: Normal | AB45: 75.01254 | AC45: 1.191463 | AD45: Night | AE45: 202512 | AF45: 45992 | AG45: 1.191463
... A85: 45993.334 | B85: 74.0714 | C85: =FALSE() -> FALSE | D85: =FALSE() -> FALSE | E85: -0.14477683 | F85: -0.19583856 | G85: -0.20093683 | H85: -0.27054061 | I85: 0 | L85: none | M85: =FALSE() -> FALSE | N85: 0 | O85: 73.926623 | P85: =FALSE() -> FALSE | Q85: =FALSE() -> FALSE | R85: 0.0217 | T85: 74.09948 | U85: 0 | V85: 0 | W85: 0 | X85: 0.09110355 | Y85: 0 | Z85: 0.086428416 | AA85: Normal | AB85: 74.272337 | AC85: -0.32489314 | AD85: Day | AE85: 202512 | AF85: 45993 | AG85: 0.32489314
A86: 45993.344 | B86: 74.3522 | C86: =TRUE() -> TRUE | D86: =FALSE() -> FALSE | E86: -0.42557683 | F86: -0.57567465 | G86: 0.079863167 | H86: 0.10752747 | I86: 0.2808 | J86: 45993.489 | K86: 45993.344 | L86: upper | M86: =TRUE() -> TRUE | N86: 1 | O86: 73.926623 | P86: =FALSE() -> FALSE | Q86: =FALSE() -> FALSE | R86: 0.2807 | S86: 2.9240383 | T86: 74.09948 | U86: 1 | V86: 0.2808 | W86: 0 | X86: 0.09110355 | Y86: 3.082207 | Z86: 0.086428416 | AA86: Extreme triggered | AB86: 74.272337 | AC86: 2.9240383 | AD86: Day | AE86: 202512 | AF86: 45993 | AG86: 2.9240383
A87: 45993.354 | B87: 74.6348 | C87: =TRUE() -> TRUE | D87: =FALSE() -> FALSE | E87: -0.79673139 | F87: -1.0790252 | G87: 0.24564861 | H87: 0.33022102 | I87: 0.2826 | K87: 45993.344 | L87: upper | M87: =TRUE() -> TRUE | N87: 2 | O87: 73.838069 | P87: =TRUE() -> TRUE | Q87: =FALSE() -> FALSE | R87: 0.4236 | S87: 3.3535317 | T87: 74.11361 | U87: 2 | V87: 0.2826 | W87: 0.01413 | X87: 0.11087378 | Y87: 2.4214021 | Z87: 0.13777069 | AA87: Extreme/elevated | AB87: 74.389151 | AC87: 3.7830251 | AD87: Day | AE87: 202512 | AF87: 45993 | AG87: 3.7830251
A88: 45993.364 | B88: 74.9174 | C88: =TRUE() -> TRUE | D88: =FALSE() -> FALSE | E88: -1.2131875 | F88: -1.6460219 | G88: 0.30979252 | H88: 0.41522914 | I88: 0.2826 | K88: 45993.344 | L88: upper | M88: =TRUE() -> TRUE | N88: 3 | O88: 73.704213 | P88: =TRUE() -> TRUE | Q88: =TRUE() -> TRUE | R88: 0.4819 | S88: 3.3595816 | T88: 74.15591 | U88: 3 | V88: 0.2826 | W88: 0.0423 | X88: 0.10331056 | Y88: 2.3259965 | Z88: 0.22584874 | AA88: Persistent | AB88: 74.607607 | AC88: 3.3716814 | AD88: Day | AE88: 202512 | AF88: 45993 | AG88: 3.3716814
A89: 45993.364 | B89: 74.9174 | C89: =FALSE() -> FALSE | D89: =FALSE() -> FALSE | E89: -1.2822801 | F89: -1.7413974 | G89: 0.1560999 | H89: 0.20879774 | I89: 0 | K89: 45993.344 | L89: upper | M89: =TRUE() -> TRUE | N89: 3 | O89: 73.63512 | P89: =FALSE() -> FALSE | Q89: =TRUE() -> TRUE | R89: 0.4846 | S89: 3.1582963 | T89: 74.19821 | U89: 4 | V89: 0 | W89: 0.0423 | X89: 0.10331056 | Y89: -0.40944508 | Z89: 0.28154505 | AA89: Persistent | AB89: 74.7613 | AC89: 2.5544402 | AD89: Day | AE89: 202512 | AF89: 45993 | AG89: 2.5544402
A90: 45993.367 | B90: 74.9174 | C90: =FALSE() -> FALSE | D90: =FALSE() -> FALSE | E90: -1.321128 | F90: -1.7951018 | G90: 0.032651999 | H90: 0.043603003 | I90: 0 | K90: 45993.344 | L90: upper | M90: =TRUE() -> TRUE | N90: 3 | O90: 73.596272 | P90: =FALSE() -> FALSE | Q90: =TRUE() -> TRUE | R90: 0.5115 | S90: 2.9469103 | T90: 74.24051 | U90: 5 | V90: 0 | W90: 0.0423 | X90: 0.10331056 | Y90: -0.40944508 | Z90: 0.322119 | AA90: Persistent | AB90: 74.884748 | AC90: 2.1013663 | AD90: Day | AE90: 202512 | AF90: 45993 | AG90: 2.1013663
A91: 45993.377 | B91: 74.6348 | C91: =TRUE() -> TRUE | D91: =FALSE() -> FALSE | E91: -1.0282454 | F91: -1.3969482 | G91: -0.29600541 | H91: -0.39503834 | I91: -0.2826 | K91: 45993.344 | L91: none | M91: =FALSE() -> FALSE | N91: 4 | O91: 73.606555 | P91: =TRUE() -> TRUE | Q91: =FALSE() -> FALSE | R91: 0.5309 | S91: 2.6400741 | T91: 74.26868 | U91: 6 | V91: -0.2826 | W91: 0.02817 | X91: 0.12619241 | Y91: -2.462668 | Z91: 0.33106271 | AA91: Persistent | AB91: 74.930805 | AC91: 1.1058932 | AD91: Day | AE91: 202512 | AF91: 45993 | AG91: 1.1058932
A92: 45993.387 | B92: 73.7888 | C92: =TRUE() -> TRUE | D92: =TRUE() -> TRUE | E92: -0.22552191 | F92: -0.3065686 | G92: -1.1570219 | H92: -1.5438111 | I92: -0.846 | K92: 45993.344 | L92: none | M92: =FALSE() -> FALSE | N92: 5 | O92: 73.563278 | P92: =TRUE() -> TRUE | Q92: =FALSE() -> FALSE | R92: 0.6327 | S92: 2.455423 | T92: 74.25455 | U92: 7 | V92: -0.846 | W92: -0.01413 | X92: 0.2328496 | Y92: -3.5725636 | Z92: 0.34563596 | AA92: Confirmed/Materialized Shift | AB92: 74.945822 | AC92: -1.3475161 | AD92: Day | AE92: 202512 | AF92: 45993 | AG92: 1.3475161
A93: 45993.398 | B93: 73.2236 | C93: =FALSE() -> FALSE | D93: =TRUE() -> TRUE | E93: 0.15971225 | F93: 0.2176411 | G93: -1.8174077 | H93: -2.4218861 | I93: -0.5652 | K93: 45993.344 | L93: lower | M93: =TRUE() -> TRUE | N93: 5 | O93: 73.383312 | P93: =FALSE() -> FALSE | Q93: =TRUE() -> TRUE | R93: 0.7019 | S93: 2.4466681 | T93: 74.21216 | U93: 8 | V93: -0.5652 | W93: -0.04239 | X93: 0.26334545 | Y93: -1.9852631 | Z93: 0.41442387 | AA93: Confirmed/Materialized Shift | AB93: 75.041008 | AC93: -2.3853838 | AD93: Day | AE93: 202512 | AF93: 45993 | AG93: 2.3853838
A94: 45993.406 | B94: 73.2236 | C94: =FALSE() -> FALSE | D94: =TRUE() -> TRUE | E94: 0.0075601587 | F94: 0.010323691 | G94: -1.8847798 | H94: -2.5094135 | I94: 0 | K94: 45993.344 | L94: lower | M94: =TRUE() -> TRUE | N94: 5 | O94: 73.23116 | P94: =FALSE() -> FALSE | Q94: =TRUE() -> TRUE | R94: 0.6773 | S94: 2.3988282 | T94: 74.16977 | U94: 9 | V94: 0 | W94: -0.04239 | X94: 0.26334545 | Y94: 0.16096728 | Z94: 0.46930492 | AA94: Confirmed/Materialized Shift | AB94: 75.10838 | AC94: -2.0161093 | AD94: Day | AE94: 202512 | AF94: 45993 | AG94: 2.0161093
A95: 45993.416 | B95: 73.2236 | C95: =FALSE() -> FALSE | D95: =TRUE() -> TRUE | E95: -0.12571327 | F95: -0.17197934 | G95: -1.9332733 | H95: -2.5723173 | I95: 0 | K95: 45993.344 | L95: none | M95: =FALSE() -> FALSE | N95: 5 | O95: 73.097887 | P95: =FALSE() -> FALSE | Q95: =FALSE() -> FALSE | R95: 0.6599 | S95: 2.334523 | T95: 74.12738 | U95: 10 | V95: 0 | W95: -0.04239 | X95: 0.26334545 | Y95: 0.16096728 | Z95: 0.51474663 | AA95: Confirmed/Materialized Shift | AB95: 75.156873 | AC95: -1.7557764 | AD95: Day | AE95: 202512 | AF95: 45993 | AG95: 1.7557764
A96: 45993.427 | B96: 72.941 | C96: =FALSE() -> FALSE | D96: =TRUE() -> TRUE | E96: -0.028613712 | F96: -0.039243965 | G96: -2.2883337 | H96: -3.0418104 | I96: -0.2826 | K96: 45993.344 | L96: none | M96: =FALSE() -> FALSE | N96: 4 | O96: 72.912386 | P96: =FALSE() -> FALSE | Q96: =FALSE() -> FALSE | R96: 0.6443 | S96: 2.299621 | T96: 74.07086 | U96: 11 | V96: -0.2826 | W96: -0.05652 | X96: 0.26848273 | Y96: -0.84206535 | Z96: 0.57923686 | AA96: Confirmed/Materialized Shift | AB96: 75.229334 | AC96: -1.950601 | AD96: Day | AE96: 202512 | AF96: 45993 | AG96: 1.950601
A97: 45993.437 | B97: 72.941 | C97: =FALSE() -> FALSE | D97: =TRUE() -> TRUE | E97: -0.19052912 | F97: -0.261894 | G97: -2.3372091 | H97: -3.1047619 | I97: 0 | K97: 45993.344 | L97: none | M97: =FALSE() -> FALSE | N97: 3 | O97: 72.750471 | P97: =FALSE() -> FALSE | Q97: =FALSE() -> FALSE | R97: 0.5989 | S97: 2.2495275 | T97: 74.01434 | U97: 12 | V97: 0 | W97: -0.05652 | X97: 0.26848273 | Y97: 0.21051634 | Z97: 0.63193456 | AA97: Confirmed/Materialized Shift | AB97: 75.278209 | AC97: -1.6984987 | AD97: Day | AE97: 202512 | AF97: 45993 | AG97: 1.6984987
A98: 45993.447 | B98: 72.941 | C98: =FALSE() -> FALSE | D98: =TRUE() -> TRUE | E98: -0.33438977 | F98: -0.46055003 | G98: -2.3680298 | H98: -3.1444168 | I98: 0 | K98: 45993.344 | L98: none | M98: =FALSE() -> FALSE | N98: 2 | O98: 72.60661 | P98: =FALSE() -> FALSE | Q98: =FALSE() -> FALSE | R98: 0.5575 | S98: 2.1922601 | T98: 73.95782 | U98: 13 | V98: 0 | W98: -0.05652 | X98: 0.26848273 | Y98: 0.21051634 | Z98: 0.67560488 | AA98: Confirmed/Materialized Shift | AB98: 75.30903 | AC98: -1.5050513 | AD98: Day | AE98: 202512 | AF98: 45993 | AG98: 1.5050513
A99: 45993.458 | B99: 72.941 | C99: =FALSE() -> FALSE | D99: =TRUE() -> TRUE | E99: -0.4635221 | F99: -0.6395395 | G99: -2.3841221 | H99: -3.1651088 | I99: 0 | K99: 45993.344 | L99: none | M99: =FALSE() -> FALSE | N99: 2 | O99: 72.477478 | P99: =FALSE() -> FALSE | Q99: =FALSE() -> FALSE | R99: 0.5471 | S99: 2.1320204 | T99: 73.9013 | U99: 14 | V99: 0 | W99: -0.05652 | X99: 0.26848273 | Y99: 0.21051634 | Z99: 0.71191105 | AA99: Confirmed/Materialized Shift | AB99: 75.325122 | AC99: -1.3489045 | AD99: Day | AE99: 202512 | AF99: 45993 | AG99: 1.3489045
A100: 45993.468 | B100: 72.6584 | C100: =FALSE() -> FALSE | D100: =TRUE() -> TRUE | E100: -0.35267053 | F100: -0.48774908 | G100: -2.6971705 | H100: -3.5792583 | I100: -0.2826 | K100: 45993.344 | L100: none | M100: =FALSE() -> FALSE | N100: 2 | O100: 72.305729 | P100: =FALSE() -> FALSE | Q100: =FALSE() -> FALSE | R100: 0.5596 | S100: 2.0923829 | T100: 73.83065 | U100: 15 | V100: -0.2826 | W100: -0.07065 | X100: 0.27275409 | Y100: -0.7770736 | Z100: 0.76246026 | AA100: Confirmed/Materialized Shift | AB100: 75.355571 | AC100: -1.5374572 | AD100: Day | AE100: 202512 | AF100: 45993 | AG100: 1.5374572
A101: 45993.479 | B101: 72.6584 | C101: =FALSE() -> FALSE | D101: =TRUE() -> TRUE | E101: -0.50509314 | F101: -0.7000277 | G101: -2.7082931 | H101: -3.5934881 | I101: 0 | K101: 45993.344 | L101: none | M101: =FALSE() -> FALSE | N101: 1 | O101: 72.153307 | P101: =FALSE() -> FALSE | Q101: =FALSE() -> FALSE | R101: 0.52 | S101: 2.0473129 | T101: 73.76 | U101: 16 | V101: 0 | W101: -0.07065 | X101: 0.27275409 | Y101: 0.25902453 | Z101: 0.80334657 | AA101: Confirmed/Materialized Shift | AB101: 75.366693 | AC101: -1.3712637 | AD101: Day | AE101: 202512 | AF101: 45993 | AG101: 1.3712637
A102: 45993.489 | B102: 72.941 | C102: =FALSE() -> FALSE | D102: =FALSE() -> FALSE | E102: -0.87727924 | F102: -1.217366 | G102: -2.4022392 | H102: -3.1883939 | I102: 0.2826 | L102: none | M102: =FALSE() -> FALSE | N102: 0 | O102: 72.063721 | P102: =FALSE() -> FALSE | Q102: =FALSE() -> FALSE | R102: 0.062 | T102: 73.70348 | U102: 0 | V102: 0.2826 | W102: -0.05652 | X102: 0.28370686 | Y102: 1.1953183 | Z102: 0.81987962 | AA102: Persistence ends | AB102: 75.343239 | AC102: -0.92999018 | AD102: Day | AE102: 202512 | AF102: 45993 | AG102: 0.92999018
A103: 45993.499 | B103: 72.941 | C103: =FALSE() -> FALSE | D103: =FALSE() -> FALSE | E103: -0.95814841 | F103: -1.3310787 | G103: -2.3700684 | H103: -3.1470386 | I103: 0 | L103: none | M103: =FALSE() -> FALSE | N103: 0 | O103: 71.982852 | P103: =FALSE() -> FALSE | Q103: =FALSE() -> FALSE | R103: 0.0566 | T103: 73.64696 | U103: 0 | V103: 0 | W103: -0.05652 | X103: 0.28370686 | Y103: 0.19921972 | Z103: 0.8320542 | AA103: Normal | AB103: 75.311068 | AC103: -0.84845434 | AD103: Day | AE103: 202512 | AF103: 45993 | AG103: 0.84845434
A104: 45993.51 | B104: 72.6584 | C104: =FALSE() -> FALSE | D104: =FALSE() -> FALSE | E104: -0.78973491 | F104: -1.0988585 | G104: -2.6255549 | H104: -3.4875358 | I104: -0.2826 | L104: none | M104: =FALSE() -> FALSE | N104: 0 | O104: 71.868665 | P104: =FALSE() -> FALSE | Q104: =FALSE() -> FALSE | R104: 0.0717 | T104: 73.57631 | U104: 0 | V104: -0.2826 | W104: -0.07065 | X104: 0.28775232 | Y104: -0.73657095 | Z104: 0.85382245 | AA104: Normal | AB104: 75.283955 | AC104: -1.0750596 | AD104: Day | AE104: 202512 | AF104: 45993 | AG104: 1.0750596
A105: 45993.52 | B105: 72.6584 | C105: =FALSE() -> FALSE | D105: =FALSE() -> FALSE | E105: -0.89078845 | F105: -1.2412123 | G105: -2.5853085 | H105: -3.4359131 | I105: 0 | L105: none | M105: =FALSE() -> FALSE | N105: 0 | O105: 71.767612 | P105: =FALSE() -> FALSE | Q105: =FALSE() -> FALSE | R105: 0.065 | T105: 73.50566 | U105: 0 | V105: 0 | W105: -0.07065 | X105: 0.28775232 | Y105: 0.24552365 | Z105: 0.86902423 | AA105: Normal | AB105: 75.243708 | AC105: -0.97495556 | AD105: Day | AE105: 202512 | AF105: 45993 | AG105: 0.97495556
A106: 45993.53 | B106: 72.6584 | C106: =FALSE() -> FALSE | D106: =FALSE() -> FALSE | E106: -0.96684308 | F106: -1.348615 | G106: -2.4919831 | H106: -3.3159952 | I106: 0 | L106: none | M106: =FALSE() -> FALSE | N106: 0 | O106: 71.691557 | P106: =FALSE() -> FALSE | Q106: =FALSE() -> FALSE | R106: 0.0588 | T106: 73.42097 | U106: 0 | V106: 0 | W106: -0.08469 | X106: 0.27632536 | Y106: 0.30648652 | Z106: 0.86470654 | AA106: Normal | AB106: 75.150383 | AC106: -0.881883 | AD106: Day | AE106: 202512 | AF106: 45993 | AG106: 0.881883
A107: 45993.541 | B107: 72.6584 | C107: =FALSE() -> FALSE | D107: =FALSE() -> FALSE | E107: -0.99817359 | F107: -1.3929255 | G107: -2.3256736 | H107: -3.1015567 | I107: 0 | L107: none | M107: =FALSE() -> FALSE | N107: 0 | O107: 71.660226 | P107: =FALSE() -> FALSE | Q107: =FALSE() -> FALSE | R107: 0.0533 | T107: 73.32215 | U107: 0 | V107: 0 | W107: -0.09882 | X107: 0.26348232 | Y107: 0.37505362 | Z107: 0.83096179 | AA107: Normal | AB107: 74.984074 | AC107: -0.79877319 | AD107: Day | AE107: 202512 | AF107: 45993 | AG107: 0.79877319
A108: 45993.551 | B108: 72.6584 | C108: =FALSE() -> FALSE | D108: =FALSE() -> FALSE | E108: -0.95428192 | F108: -1.3308607 | G108: -2.0558819 | H108: -2.7516585 | I108: 0 | L108: none | M108: =FALSE() -> FALSE | N108: 0 | O108: 71.704118 | P108: =FALSE() -> FALSE | Q108: =FALSE() -> FALSE | R108: 0.0488 | T108: 73.2092 | U108: 0 | V108: 0 | W108: -0.11295 | X108: 0.24913818 | Y108: 0.45336287 | Z108: 0.75254096 | AA108: Normal | AB108: 74.714282 | AC108: -0.73192029 | AD108: Day | AE108: 202512 | AF108: 45993 | AG108: 0.73192029
A109: 45993.562 | B109: 72.3758 | C109: =FALSE() -> FALSE | D109: =FALSE() -> FALSE | E109: -0.60866744 | F109: -0.84811447 | G109: -2.0213074 | H109: -2.7169167 | I109: -0.2826 | L109: none | M109: =FALSE() -> FALSE | N109: 0 | O109: 71.767133 | P109: =FALSE() -> FALSE | Q109: =FALSE() -> FALSE | R109: 0.0716 | T109: 73.08212 | U109: 0 | V109: -0.2826 | W109: -0.12708 | X109: 0.25040568 | Y109: -0.62107218 | Z109: 0.65749372 | AA109: Normal | AB109: 74.397107 | AC109: -1.0742612 | AD109: Day | AE109: 202512 | AF109: 45993 | AG109: 1.0742612
A110: 45993.572 | B110: 72.3758 | C110: =FALSE() -> FALSE | D110: =FALSE() -> FALSE | E110: -0.44892244 | F110: -0.62413726 | G110: -1.6074024 | H110: -2.1726586 | I110: 0 | L110: none | M110: =FALSE() -> FALSE | N110: 0 | O110: 71.926878 | P110: =FALSE() -> FALSE | Q110: =FALSE() -> FALSE | R110: 0.0751 | T110: 72.95504 | U110: 0 | V110: 0 | W110: -0.12708 | X110: 0.25040568 | Y110: 0.50749648 | Z110: 0.51408122 | AA110: Normal | AB110: 73.983202 | AC110: -1.126748 | AD110: Day | AE110: 202512 | AF110: 45993 | AG110: 1.126748
A111: 45993.582 | B111: 72.3758 | C111: =FALSE() -> FALSE | D111: =FALSE() -> FALSE | E111: -0.22654275 | F111: -0.3139918 | G111: -1.1591228 | H111: -1.5762888 | I111: 0 | L111: none | M111: =FALSE() -> FALSE | N111: 0 | O111: 72.149257 | P111: =FALSE() -> FALSE | Q111: =FALSE() -> FALSE | R111: 0.0897 | T111: 72.84209 | U111: 0 | V111: 0 | W111: -0.11295 | X111: 0.24913818 | Y111: 0.45336287 | Z111: 0.34641638 | AA111: Normal | AB111: 73.534923 | AC111: -1.3460391 | AD111: Day | AE111: 202512 | AF111: 45993 | AG111: 1.3460391
A112: 45993.593 | B112: 72.3758 | C112: =FALSE() -> FALSE | D112: =FALSE() -> FALSE | E112: -0.16657739 | F112: -0.23068714 | G112: -0.95785739 | H112: -1.3061634 | I112: 0 | L112: none | M112: =FALSE() -> FALSE | N112: 0 | O112: 72.209223 | P112: =FALSE() -> FALSE | Q112: =FALSE() -> FALSE | R112: 0.0938 | T112: 72.77144 | U112: 0 | V112: 0 | W112: -0.07065 | X112: 0.18048712 | Y112: 0.39144068 | Z112: 0.2811087 | AA112: Normal | AB112: 73.333657 | AC112: -1.4074271 | AD112: Day | AE112: 202512 | AF112: 45993 | AG112: 1.4074271
A113: 45993.603 | B113: 72.3758 | C113: =FALSE() -> FALSE | D113: =FALSE() -> FALSE | E113: -0.19304161 | F113: -0.26743452 | G113: -0.89954161 | H113: -1.2276184 | I113: 0 | L113: none | M113: =FALSE() -> FALSE | N113: 0 | O113: 72.182758 | P113: =FALSE() -> FALSE | Q113: =FALSE() -> FALSE | R113: 0.0862 | T113: 72.72905 | U113: 0 | V113: 0 | W113: -0.04239 | X113: 0.13829327 | Y113: 0.3065225 | Z113: 0.27314581 | AA113: Normal | AB113: 73.275342 | AC113: -1.2932653 | AD113: Day | AE113: 202512 | AF113: 45993 | AG113: 1.2932653
... A120: 45993.675 | B120: 72.095 | C120: =FALSE() -> FALSE | D120: =FALSE() -> FALSE | E120: -0.15488865 | F120: -0.21530221 | G120: -0.88676865 | H120: -1.215055 | I120: 0 | L120: none | M120: =FALSE() -> FALSE | N120: 0 | O120: 71.940111 | P120: =FALSE() -> FALSE | Q120: =FALSE() -> FALSE | R120: 0.0937 | T120: 72.46094 | U120: 0 | V120: 0 | W120: -0.02817 | X120: 0.12619241 | Y120: 0.22323055 | Z120: 0.26041433 | AA120: Normal | AB120: 72.981769 | AC120: -1.4052222 | AD120: Day | AE120: 202512 | AF120: 45993 | AG120: 1.4052222
A121: 45993.686 | B121: 72.3758 | C121: =TRUE() -> TRUE | D121: =FALSE() -> FALSE | E121: -0.44254562 | F121: -0.61521702 | G121: -0.58456562 | H121: -0.80120983 | I121: 0.2808 | L121: none | M121: =FALSE() -> FALSE | N121: 1 | O121: 71.933254 | P121: =FALSE() -> FALSE | Q121: =FALSE() -> FALSE | R121: 0.047 | T121: 72.44681 | U121: 0 | V121: 0.2808 | W121: -0.01413 | X121: 0.14387356 | Y121: 2.049925 | Z121: 0.25677781 | AA121: Normal | AB121: 72.960366 | AC121: -0.27654259 | AD121: Day | AE121: 202512 | AF121: 45993 | AG121: 0.27654259
A122: 45993.696 | B122: 72.3758 | C122: =FALSE() -> FALSE | D122: =FALSE() -> FALSE | E122: -0.41553241 | F122: -0.57744701 | G122: -0.50103241 | H122: -0.68750575 | I122: 0 | L122: none | M122: =FALSE() -> FALSE | N122: 1 | O122: 71.960268 | P122: =FALSE() -> FALSE | Q122: =FALSE() -> FALSE | R122: 0.041 | T122: 72.41855 | U122: 0 | V122: 0 | W122: -0.02826 | X122: 0.12595953 | Y122: 0.22435778 | Z122: 0.22914121 | AA122: Normal | AB122: 72.876832 | AC122: -0.18656618 | AD122: Day | AE122: 202512 | AF122: 45993 | AG122: 0.18656618
A123: 45993.706 | B123: 72.6584 | C123: =TRUE() -> TRUE | D123: =FALSE() -> FALSE | E123: -0.65873829 | F123: -0.91491858 | G123: -0.15077829 | H123: -0.20708692 | I123: 0.2826 | L123: none | M123: =FALSE() -> FALSE | N123: 2 | O123: 71.999662 | P123: =TRUE() -> TRUE | Q123: =FALSE() -> FALSE | R123: 0.1408 | T123: 72.40442 | U123: 0 | V123: 0.2826 | W123: -0.01413 | X123: 0.14387356 | Y123: 2.0624359 | Z123: 0.20237914 | AA123: Normal | AB123: 72.809178 | AC123: 1.2549712 | AD123: Day | AE123: 202512 | AF123: 45993 | AG123: 1.2549712
A124: 45993.717 | B124: 72.6584 | C124: =FALSE() -> FALSE | D124: =FALSE() -> FALSE | E124: -0.65873829 | F124: -0.91491858 | G124: -0.15077829 | H124: -0.20708692 | I124: 0 | L124: none | M124: =FALSE() -> FALSE | N124: 2 | O124: 71.999662 | P124: =FALSE() -> FALSE | Q124: =FALSE() -> FALSE | R124: 0.1408 | T124: 72.40442 | U124: 0 | V124: 0 | W124: 0 | X124: 0.12925348 | Y124: 0 | Z124: 0.20237914 | AA124: Normal | AB124: 72.809178 | AC124: 1.2549712 | AD124: Day | AE124: 202512 | AF124: 45993 | AG124: 1.2549712
A125: 45993.727 | B125: 72.6584 | C125: =FALSE() -> FALSE | D125: =FALSE() -> FALSE | E125: -0.65873829 | F125: -0.91491858 | G125: -0.15077829 | H125: -0.20708692 | I125: 0 | L125: none | M125: =FALSE() -> FALSE | N125: 2 | O125: 71.999662 | P125: =FALSE() -> FALSE | Q125: =FALSE() -> FALSE | R125: 0.1408 | T125: 72.40442 | U125: 0 | V125: 0 | W125: 0 | X125: 0.12925348 | Y125: 0 | Z125: 0.20237914 | AA125: Normal | AB125: 72.809178 | AC125: 1.2549712 | AD125: Day | AE125: 202512 | AF125: 45993 | AG125: 1.2549712
A126: 45993.737 | B126: 72.3758 | C126: =FALSE() -> FALSE | D126: =FALSE() -> FALSE | E126: -0.37226687 | F126: -0.51701195 | G126: -0.40124687 | H126: -0.55133711 | I126: -0.2826 | L126: none | M126: =FALSE() -> FALSE | N126: 2 | O126: 72.003533 | P126: =FALSE() -> FALSE | Q126: =FALSE() -> FALSE | R126: 0.0621 | T126: 72.39029 | U126: 0 | V126: -0.2826 | W126: -0.01413 | X126: 0.14387356 | Y126: -1.8660135 | Z126: 0.19337843 | AA126: Normal | AB126: 72.777047 | AC126: -0.074930796 | AD126: Night | AE126: 202512 | AF126: 45993 | AG126: 0.074930796
A127: 45993.748 | B127: 72.3758 | C127: =FALSE() -> FALSE | D127: =FALSE() -> FALSE | E127: -0.36522331 | F127: -0.5071801 | G127: -0.36594331 | H127: -0.50307196 | I127: 0 | L127: none | M127: =FALSE() -> FALSE | N127: 2 | O127: 72.010577 | P127: =FALSE() -> FALSE | Q127: =FALSE() -> FALSE | R127: 0.0573 | T127: 72.37616 | U127: 0 | V127: 0 | W127: -0.01413 | X127: 0.14387356 | Y127: 0.098211235 | Z127: 0.18279166 | AA127: Normal | AB127: 72.741743 | AC127: -0.0019694553 | AD127: Night | AE127: 202512 | AF127: 45993 | AG127: 0.0019694553
A128: 45993.758 | B128: 72.3758 | C128: =FALSE() -> FALSE | D128: =FALSE() -> FALSE | E128: -0.35441662 | F128: -0.49209916 | G128: -0.32687662 | H128: -0.44960741 | I128: 0 | L128: none | M128: =FALSE() -> FALSE | N128: 2 | O128: 72.021383 | P128: =FALSE() -> FALSE | Q128: =FALSE() -> FALSE | R128: 0.0625 | T128: 72.36203 | U128: 0 | V128: 0 | W128: -0.01413 | X128: 0.14387356 | Y128: 0.098211235 | Z128: 0.17032331 | AA128: Normal | AB128: 72.702677 | AC128: 0.080846244 | AD128: Night | AE128: 202512 | AF128: 45993 | AG128: 0.080846244
A129: 45993.769 | B129: 72.3758 | C129: =FALSE() -> FALSE | D129: =FALSE() -> FALSE | E129: -0.35441662 | F129: -0.49209916 | G129: -0.32687662 | H129: -0.44960741 | I129: 0 | L129: none | M129: =FALSE() -> FALSE | N129: 2 | O129: 72.021383 | P129: =FALSE() -> FALSE | Q129: =FALSE() -> FALSE | R129: 0.0625 | T129: 72.36203 | U129: 0 | V129: 0 | W129: 0 | X129: 0.12925348 | Y129: 0 | Z129: 0.17032331 | AA129: Normal | AB129: 72.702677 | AC129: 0.080846244 | AD129: Night | AE129: 202512 | AF129: 45993 | AG129: 0.080846244
A130: 45993.779 | B130: 72.095 | C130: =FALSE() -> FALSE | D130: =FALSE() -> FALSE | E130: -0.10781715 | F130: -0.14977271 | G130: -0.61379715 | H130: -0.84418554 | I130: -0.2808 | L130: none | M130: =FALSE() -> FALSE | N130: 2 | O130: 71.987183 | P130: =FALSE() -> FALSE | Q130: =FALSE() -> FALSE | R130: 0.1506 | T130: 72.34799 | U130: 0 | V130: -0.2808 | W130: -0.01404 | X130: 0.14369723 | Y130: -1.8564032 | Z130: 0.18040358 | AA130: Normal | AB130: 72.708797 | AC130: -1.4023558 | AD130: Night | AE130: 202512 | AF130: 45993 | AG130: 1.4023558
A131: 45993.779 | B131: 72.095 | C131: =FALSE() -> FALSE | D131: =FALSE() -> FALSE | E131: -0.13875823 | F131: -0.19283697 | G131: -0.61665823 | H131: -0.84808715 | I131: 0 | L131: none | M131: =FALSE() -> FALSE | N131: 1 | O131: 71.956242 | P131: =FALSE() -> FALSE | Q131: =FALSE() -> FALSE | R131: 0.1129 | T131: 72.33395 | U131: 0 | V131: 0 | W131: -0.01404 | X131: 0.14369723 | Y131: 0.09770543 | Z131: 0.18885412 | AA131: Normal | AB131: 72.711658 | AC131: -1.2652623 | AD131: Night | AE131: 202512 | AF131: 45993 | AG131: 1.2652623
A132: 45993.779 | B132: 72.095 | C132: =FALSE() -> FALSE | D132: =FALSE() -> FALSE | E132: -0.16686193 | F132: -0.23198422 | G132: -0.61668193 | H132: -0.84811947 | I132: 0 | L132: none | M132: =FALSE() -> FALSE | N132: 1 | O132: 71.928138 | P132: =FALSE() -> FALSE | Q132: =FALSE() -> FALSE | R132: 0.1051 | T132: 72.31991 | U132: 0 | V132: 0 | W132: -0.01404 | X132: 0.14369723 | Y132: 0.09770543 | Z132: 0.19588597 | AA132: Normal | AB132: 72.711682 | AC132: -1.148168 | AD132: Night | AE132: 202512 | AF132: 45993 | AG132: 1.148168
A133: 45993.79 | B133: 72.941 | C133: =TRUE() -> TRUE | D133: =FALSE() -> FALSE | E133: -1.0731175 | F133: -1.4931809 | G133: 0.11254248 | H133: 0.15453092 | I133: 0.846 | J133: 45993.955 | K133: 45993.79 | L133: upper | M133: =TRUE() -> TRUE | N133: 1 | O133: 71.867882 | P133: =FALSE() -> FALSE | Q133: =FALSE() -> FALSE | R133: 0.2503 | S133: 2.4686463 | T133: 72.34817 | U133: 1 | V133: 0.846 | W133: 0.02826 | X133: 0.24017701 | Y133: 3.4047389 | Z133: 0.24014376 | AA133: Extreme triggered | AB133: 72.828458 | AC133: 2.4686463 | AD133: Night | AE133: 202512 | AF133: 45993 | AG133: 2.4686463
A134: 45993.8 | B134: 73.2236 | C134: =FALSE() -> FALSE | D134: =FALSE() -> FALSE | E134: -1.452953 | F134: -2.024439 | G134: 0.21312702 | H134: 0.29191294 | I134: 0.2826 | K134: 45993.79 | L134: upper | M134: =TRUE() -> TRUE | N134: 1 | O134: 71.770647 | P134: =FALSE() -> FALSE | Q134: =FALSE() -> FALSE | R134: 0.322 | S134: 2.5781247 | T134: 72.39056 | U134: 2 | V134: 0.2826 | W134: 0.04239 | X134: 0.24665253 | Y134: 0.97388013 | Z134: 0.30995649 | AA134: Extreme/elevated | AB134: 73.010473 | AC134: 2.687603 | AD134: Night | AE134: 202512 | AF134: 45993 | AG134: 2.687603
A135: 45993.811 | B135: 73.2236 | C135: =FALSE() -> FALSE | D135: =FALSE() -> FALSE | E135: -1.5136827 | F135: -2.1108414 | G135: 0.067617347 | H135: 0.092429006 | I135: 0 | K135: 45993.79 | L135: upper | M135: =TRUE() -> TRUE | N135: 1 | O135: 71.709917 | P135: =FALSE() -> FALSE | Q135: =TRUE() -> TRUE | R135: 0.3458 | S135: 2.4477625 | T135: 72.43295 | U135: 3 | V135: 0 | W135: 0.04239 | X135: 0.24665253 | Y135: -0.1718612 | Z135: 0.36151633 | AA135: Persistent | AB135: 73.155983 | AC135: 2.1870382 | AD135: Night | AE135: 202512 | AF135: 45993 | AG135: 2.1870382
A136: 45993.82 | B136: 73.2236 | C136: =FALSE() -> FALSE | D136: =FALSE() -> FALSE | E136: -1.5520811 | F136: -2.165548 | G136: -0.055561149 | H136: -0.075821213 | I136: 0 | K136: 45993.79 | L136: none | M136: =FALSE() -> FALSE | N136: 1 | O136: 71.671519 | P136: =FALSE() -> FALSE | Q136: =FALSE() -> FALSE | R136: 0.3813 | S136: 2.3012612 | T136: 72.47534 | U136: 4 | V136: 0 | W136: 0.04239 | X136: 0.24665253 | Y136: -0.1718612 | Z136: 0.40191057 | AA136: Persistent | AB136: 73.279161 | AC136: 1.8617574 | AD136: Night | AE136: 202512 | AF136: 45993 | AG136: 1.8617574
A137: 45993.831 | B137: 73.5062 | C137: =FALSE() -> FALSE | D137: =FALSE() -> FALSE | E137: -1.864972 | F137: -2.6032106 | G137: 0.055627958 | H137: 0.075735228 | I137: 0.2826 | K137: 45993.79 | L137: upper | M137: =TRUE() -> TRUE | N137: 1 | O137: 71.641228 | P137: =FALSE() -> FALSE | Q137: =TRUE() -> TRUE | R137: 0.4558 | S137: 2.2656048 | T137: 72.5459 | U137: 5 | V137: 0.2826 | W137: 0.07056 | X137: 0.23987826 | Y137: 0.88394837 | Z137: 0.45233602 | AA137: Persistent | AB137: 73.450572 | AC137: 2.1229793 | AD137: Night | AE137: 202512 | AF137: 45993 | AG137: 2.1229793
A138: 45993.841 | B138: 73.5062 | C138: =FALSE() -> FALSE | D138: =FALSE() -> FALSE | E138: -1.863808 | F138: -2.6015436 | G138: -0.084328046 | H138: -0.1145909 | I138: 0 | K138: 45993.79 | L138: none | M138: =FALSE() -> FALSE | N138: 1 | O138: 71.642392 | P138: =FALSE() -> FALSE | Q138: =FALSE() -> FALSE | R138: 0.4932 | S138: 2.1924797 | T138: 72.61646 | U138: 6 | V138: 0 | W138: 0.07056 | X138: 0.23987826 | Y138: -0.2941492 | Z138: 0.48703402 | AA138: Persistent | AB138: 73.590528 | AC138: 1.8268539 | AD138: Night | AE138: 202512 | AF138: 45993 | AG138: 1.8268539
A139: 45993.852 | B139: 73.5062 | C139: =FALSE() -> FALSE | D139: =TRUE() -> TRUE | E139: -1.8376394 | F139: -2.5640803 | G139: -0.19927943 | H139: -0.27037261 | I139: 0 | K139: 45993.79 | L139: none | M139: =FALSE() -> FALSE | N139: 1 | O139: 71.668561 | P139: =FALSE() -> FALSE | Q139: =FALSE() -> FALSE | R139: 0.5358 | S139: 2.1090776 | T139: 72.68702 | U139: 7 | V139: 0 | W139: 0.07056 | X139: 0.23987826 | Y139: -0.2941492 | Z139: 0.50922971 | AA139: Confirmed/Materialized Shift | AB139: 73.705479 | AC139: 1.608665 | AD139: Night | AE139: 202512 | AF139: 45993 | AG139: 1.608665
A140: 45993.862 | B140: 73.7888 | C140: =FALSE() -> FALSE | D140: =TRUE() -> TRUE | E140: -2.1074271 | F140: -2.9399927 | G140: -0.073247145 | H140: -0.099167499 | I140: 0.2826 | K140: 45993.79 | L140: none | M140: =FALSE() -> FALSE | N140: 1 | O140: 71.681373 | P140: =FALSE() -> FALSE | Q140: =FALSE() -> FALSE | R140: 0.5529 | S140: 2.0786483 | T140: 72.77171 | U140: 8 | V140: 0.2826 | W140: 0.08469 | X140: 0.24379447 | Y140: 0.81179035 | Z140: 0.54516857 | AA140: Confirmed/Materialized Shift | AB140: 73.862047 | AC140: 1.8656431 | AD140: Night | AE140: 202512 | AF140: 45993 | AG140: 1.8656431
A141: 45993.872 | B141: 73.7888 | C141: =FALSE() -> FALSE | D141: =TRUE() -> TRUE | E141: -2.1094547 | F141: -2.9429046 | G141: -0.21657474 | H141: -0.29264731 | I141: 0 | K141: 45993.79 | L141: none | M141: =FALSE() -> FALSE | N141: 1 | O141: 71.679345 | P141: =FALSE() -> FALSE | Q141: =FALSE() -> FALSE | R141: 0.5371 | S141: 2.0285277 | T141: 72.84236 | U141: 9 | V141: 0 | W141: 0.07065 | X141: 0.23996162 | Y141: -0.29442208 | Z141: 0.58150737 | AA141: Confirmed/Materialized Shift | AB141: 74.005375 | AC141: 1.6275632 | AD141: Night | AE141: 202512 | AF141: 45993 | AG141: 1.6275632
A142: 45993.883 | B142: 73.7888 | C142: =FALSE() -> FALSE | D142: =TRUE() -> TRUE | E142: -2.0900134 | F142: -2.9149913 | G142: -0.33843339 | H142: -0.45655742 | I142: 0 | K142: 45993.79 | L142: none | M142: =FALSE() -> FALSE | N142: 1 | O142: 71.698787 | P142: =FALSE() -> FALSE | Q142: =FALSE() -> FALSE | R142: 0.5247 | S142: 1.9699301 | T142: 72.91301 | U142: 10 | V142: 0 | W142: 0.07065 | X142: 0.23996162 | Y142: -0.29442208 | Z142: 0.60711169 | AA142: Confirmed/Materialized Shift | AB142: 74.127233 | AC142: 1.4425517 | AD142: Night | AE142: 202512 | AF142: 45993 | AG142: 1.4425517
A143: 45993.893 | B143: 73.7888 | C143: =FALSE() -> FALSE | D143: =TRUE() -> TRUE | E143: -2.0876215 | F143: -2.9115582 | G143: -0.44908154 | H143: -0.60492235 | I143: 0 | K143: 45993.79 | L143: none | M143: =FALSE() -> FALSE | N143: 0 | O143: 71.701178 | P143: =FALSE() -> FALSE | Q143: =FALSE() -> FALSE | R143: 0.4861 | S143: 1.9082879 | T143: 72.96953 | U143: 11 | V143: 0 | W143: 0.05652 | X143: 0.23509522 | Y143: -0.24041323 | Z143: 0.63417577 | AA143: Confirmed/Materialized Shift | AB143: 74.237882 | AC143: 1.2918658 | AD143: Night | AE143: 202512 | AF143: 45993 | AG143: 1.2918658
A144: 45993.903 | B144: 74.0714 | C144: =FALSE() -> FALSE | D144: =TRUE() -> TRUE | E144: -2.3813768 | F144: -3.3217688 | G144: -0.31893682 | H144: -0.42873421 | I144: 0.2826 | K144: 45993.79 | L144: none | M144: =FALSE() -> FALSE | N144: 0 | O144: 71.690023 | P144: =FALSE() -> FALSE | Q144: =FALSE() -> FALSE | R144: 0.5018 | S144: 1.8765602 | T144: 73.04018 | U144: 12 | V144: 0.2826 | W144: 0.07065 | X144: 0.23996162 | Y144: 0.88326625 | Z144: 0.67507841 | AA144: Confirmed/Materialized Shift | AB144: 74.390337 | AC144: 1.5275559 | AD144: Night | AE144: 202512 | AF144: 45993 | AG144: 1.5275559
A145: 45993.914 | B145: 74.0714 | C145: =FALSE() -> FALSE | D145: =TRUE() -> TRUE | E145: -2.3730495 | F145: -3.3097686 | G145: -0.45190947 | H145: -0.60640016 | I145: 0 | K145: 45993.79 | L145: none | M145: =FALSE() -> FALSE | N145: 0 | O145: 71.698351 | P145: =FALSE() -> FALSE | Q145: =FALSE() -> FALSE | R145: 0.4907 | S145: 1.836834 | T145: 73.11083 | U145: 13 | V145: 0 | W145: 0.07065 | X145: 0.23996162 | Y145: -0.29442208 | Z145: 0.70623973 | AA145: Confirmed/Materialized Shift | AB145: 74.523309 | AC145: 1.3601189 | AD145: Night | AE145: 202512 | AF145: 45993 | AG145: 1.3601189
A146: 45993.924 | B146: 74.0714 | C146: =FALSE() -> FALSE | D146: =TRUE() -> TRUE | E146: -2.3059456 | F146: -3.2131694 | G146: -0.55436563 | H146: -0.74286089 | I146: 0 | K146: 45993.79 | L146: none | M146: =FALSE() -> FALSE | N146: 0 | O146: 71.765454 | P146: =FALSE() -> FALSE | Q146: =FALSE() -> FALSE | R146: 0.4816 | S146: 1.7931135 | T146: 73.19561 | U146: 14 | V146: 0 | W146: 0.08478 | X146: 0.22597889 | Y146: -0.37516779 | Z146: 0.71507781 | AA146: Confirmed/Materialized Shift | AB146: 74.625766 | AC146: 1.2247478 | AD146: Night | AE146: 202512 | AF146: 45993 | AG146: 1.2247478
A147: 45993.935 | B147: 74.0714 | C147: =FALSE() -> FALSE | D147: =TRUE() -> TRUE | E147: -2.2175668 | F147: -3.0862193 | G147: -0.63554684 | H147: -0.85071987 | I147: 0 | K147: 45993.79 | L147: none | M147: =FALSE() -> FALSE | N147: 0 | O147: 71.853833 | P147: =FALSE() -> FALSE | Q147: =FALSE() -> FALSE | R147: 0.4739 | S147: 1.7475045 | T147: 73.28039 | U147: 15 | V147: 0 | W147: 0.08478 | X147: 0.22597889 | Y147: -0.37516779 | Z147: 0.71327842 | AA147: Confirmed/Materialized Shift | AB147: 74.706947 | AC147: 1.1089779 | AD147: Night | AE147: 202512 | AF147: 45993 | AG147: 1.1089779
A148: 45993.945 | B148: 74.0714 | C148: =FALSE() -> FALSE | D148: =TRUE() -> TRUE | E148: -2.1077492 | F148: -2.9289082 | G148: -0.69528924 | H148: -0.9299452 | I148: 0 | K148: 45993.79 | L148: none | M148: =FALSE() -> FALSE | N148: 0 | O148: 71.963651 | P148: =FALSE() -> FALSE | Q148: =FALSE() -> FALSE | R148: 0.4672 | S148: 1.7012734 | T148: 73.36517 | U148: 16 | V148: 0 | W148: 0.08478 | X148: 0.22597889 | Y148: -0.37516779 | Z148: 0.70075962 | AA148: Confirmed/Materialized Shift | AB148: 74.766689 | AC148: 1.0078064 | AD148: Night | AE148: 202512 | AF148: 45993 | AG148: 1.0078064
A149: 45993.955 | B149: 74.0714 | C149: =FALSE() -> FALSE | D149: =FALSE() -> FALSE | E149: -1.9753039 | F149: -2.7398209 | G149: -0.73240389 | H149: -0.97909979 | I149: 0 | L149: none | M149: =FALSE() -> FALSE | N149: 0 | O149: 72.096096 | P149: =FALSE() -> FALSE | Q149: =FALSE() -> FALSE | R149: 0.0612 | T149: 73.44995 | U149: 0 | V149: 0 | W149: 0.08478 | X149: 0.22597889 | Y149: -0.37516779 | Z149: 0.67692694 | AA149: Persistence ends | AB149: 74.803804 | AC149: 0.91804589 | AD149: Night | AE149: 202512 | AF149: 45993 | AG149: 0.91804589
A150: 45993.966 | B150: 74.0714 | C150: =FALSE() -> FALSE | D150: =FALSE() -> FALSE | E150: -1.7418942 | F150: -2.4082761 | G150: -0.69663418 | H150: -0.93172729 | I150: 0 | L150: none | M150: =FALSE() -> FALSE | N150: 0 | O150: 72.329506 | P150: =FALSE() -> FALSE | Q150: =FALSE() -> FALSE | R150: 0.0572 | T150: 73.54877 | U150: 0 | V150: 0 | W150: 0.09882 | X150: 0.21024537 | Y150: -0.47002224 | Z150: 0.60963209 | AA150: Normal | AB150: 74.768034 | AC150: 0.85728755 | AD150: Night | AE150: 202512 | AF150: 45993 | AG150: 0.85728755
A151: 45993.976 | B151: 74.0714 | C151: =FALSE() -> FALSE | D151: =FALSE() -> FALSE | E151: -1.452428 | F151: -2.0000669 | G151: -0.60480803 | H151: -0.80990726 | I151: 0 | L151: none | M151: =FALSE() -> FALSE | N151: 0 | O151: 72.618972 | P151: =FALSE() -> FALSE | Q151: =FALSE() -> FALSE | R151: 0.0549 | T151: 73.64759 | U151: 0 | V151: 0 | W151: 0.09882 | X151: 0.21024537 | Y151: -0.47002224 | Z151: 0.51430901 | AA151: Normal | AB151: 74.676208 | AC151: 0.82403767 | AD151: Night | AE151: 202512 | AF151: 45993 | AG151: 0.82403767
A152: 45993.986 | B152: 74.0714 | C152: =FALSE() -> FALSE | D152: =FALSE() -> FALSE | E152: -1.064767 | F152: -1.4584525 | G152: -0.41478704 | H152: -0.55686438 | I152: 0 | L152: none | M152: =FALSE() -> FALSE | N152: 0 | O152: 73.006633 | P152: =FALSE() -> FALSE | Q152: =FALSE() -> FALSE | R152: 0.0586 | T152: 73.74641 | U152: 0 | V152: 0 | W152: 0.09882 | X152: 0.21024537 | Y152: -0.47002224 | Z152: 0.36988852 | AA152: Normal | AB152: 74.486187 | AC152: 0.87861607 | AD152: Night | AE152: 202512 | AF152: 45993 | AG152: 0.87861607
A153: 45993.997 | B153: 74.0714 | C153: =FALSE() -> FALSE | D153: =FALSE() -> FALSE | E153: -0.91615021 | F153: -1.2523369 | G153: -0.37921021 | H153: -0.50934466 | I153: 0 | L153: none | M153: =FALSE() -> FALSE | N153: 0 | O153: 73.15525 | P153: =FALSE() -> FALSE | Q153: =FALSE() -> FALSE | R153: 0.0553 | T153: 73.80293 | U153: 0 | V153: 0 | W153: 0.05652 | X153: 0.11597659 | Y153: -0.48733972 | Z153: 0.32384011 | AA153: Normal | AB153: 74.45061 | AC153: 0.82902023 | AD153: Night | AE153: 202512 | AF153: 45993 | AG153: 0.82902023
A154: 45994.007 | B154: 74.0714 | C154: =FALSE() -> FALSE | D154: =FALSE() -> FALSE | E154: -0.82310605 | F154: -1.1237204 | G154: -0.37094605 | H154: -0.49829979 | I154: 0 | L154: none | M154: =FALSE() -> FALSE | N154: 0 | O154: 73.248294 | P154: =FALSE() -> FALSE | Q154: =FALSE() -> FALSE | R154: 0.0505 | T154: 73.84532 | U154: 0 | V154: 0 | W154: 0.04239 | X154: 0.10352982 | Y154: -0.40944726 | Z154: 0.29851303 | AA154: Normal | AB154: 74.442346 | AC154: 0.75735388 | AD154: Night | AE154: 202512 | AF154: 45994 | AG154: 0.75735388
A155: 45994.018 | B155: 74.0714 | C155: =FALSE() -> FALSE | D155: =FALSE() -> FALSE | E155: -0.71119229 | F155: -0.9694524 | G155: -0.34381229 | H155: -0.46201883 | I155: 0 | L155: none | M155: =FALSE() -> FALSE | N155: 0 | O155: 73.360208 | P155: =FALSE() -> FALSE | Q155: =FALSE() -> FALSE | R155: 0.0464 | T155: 73.88771 | U155: 0 | V155: 0 | W155: 0.04239 | X155: 0.10352982 | Y155: -0.40944726 | Z155: 0.26375115 | AA155: Normal | AB155: 74.415212 | AC155: 0.69645195 | AD155: Night | AE155: 202512 | AF155: 45994 | AG155: 0.69645195
...
